https://glock4u.com/product/mossberg-590a1/,"Mossberg 590A1,mossberg 590a1 for sale,mossberg 590a1 accessories,mossberg 590 vs 590a1,mossberg 590a1 magpul."
https://glock4u.com/product/mossberg-500/,"Mossberg 500,mossberg 500 tactical,mossberg 500 sp length of pull,mossberg 500 vs 590,mossberg 500 barrel,mossberg 500 replacement tube and barrel,mossberg 500 stock."
https://glock4u.com/product/remington-870-express/,"Remington 870 Express,remington 870 express magnum,remington 870 express tactical,remington 870 express magnum 12 gauge wood,remington 870 express magnum 20 gauge."
https://glock4u.com/product/winchester-sxp-defender/,"Winchester SXP Defender,winchester sxp,winchester sxp 512251290,winchester sxp 20 gauge sale,winchester sxp 20 gauge,winchester sxp camo used value."
https://glock4u.com/product/benelli-supernova/,"Benelli SuperNova,benelli supernova tactical,police trade in benelli supernova,benelli nova vs supernova,benelli supernova tactical le,benelli nova or supernova."
https://glock4u.com/product/kel-tec-ksg/,"Kel-Tec KSG,kel tec ksg 410,kel-tec's ksg-25,kel-tec ksg 410,kel tec ksg accessories,accessories for kel tec ksg,kel tec ksg for sale,kel tec ksg upgrades,kel-tec ksg problems"
https://glock4u.com/product/savage-stevens-320/,"Savage Stevens 320,savage stevens 555,savage and stevens,savage stevens 334,savage arms stevens 320,savage stevens 320 security"
https://glock4u.com/product/weatherby-pa-08/,"Weatherby PA-08,weatherby vanguard,257 weatherby,257 weatherby magnum,300 weatherby magnum,weatherby shotguns,weatherby element,buy nothing weatherby lake,weatherby lake,weatherby mk v."
https://glock4u.com/product/browning-bps/,"Browning BPS,browning bps 12 gauge,browning bps field,browning bps 10 gauge,browning bps 20ga."
https://glock4u.com/product/rock-island-armory-vrpa40/,"Rock Island Armory VRPA40,rock island armory 1911 45 acp,review rock island armory derya dy9,rock island armory tac ultra 9mm luger 5in black,rock island armory dy9 handgun holster,rock island armory tm22,rock island armory vr80,rock island armory museum,rock island armory dy9,rock island armory 51912 380"
https://glock4u.com/product/benelli-m4-tactical/,"Benelli M4,benelli m4 clone,benelli m4 for sale,benelli m4 handguard,benelli m4 stock,benelli m4 w/ collapsible stock,benelli m4 collapsible stock,benelli m4 forend,benelli m4 adjustable stock,benelli m4 magazine extension.,goodn nd"
https://glock4u.com/product/buy-beretta-1301/,"Beretta 1301,beretta 1301 mod 2,beretta 1301 tactical mod.2 collapsible stock,beretta 1301 tactical od green furniture,beretta 1301 tactical stocks,difference between beretta 1301 and 1301 mod 2,fde beretta 1301 tactical furnature,fde beretta 1301 tactical furniture,fde beretta 1301 tactical stocks,beretta 1301 tactical mod.2 ar stock,green dot for beretta 1301 chisel stock."
https://glock4u.com/product/mossberg-930-spx/,"Mossberg 930 SPX,mossberg spx 930,mossberg 930 spx for sale,mossberg 930 spx tactical,mossberg 930 spx accessories,mossberg 930 spx issues."
https://glock4u.com/product/remington-v3-tactical/,"Remington V3 Tactical,remington v3,remington v3 τιμη,v3 remington,remington v3 tac 13,remington v3 tac-13,remington v3 waterfowl pro,remington v3 shotgun,remington v3 tac-13 problems."
https://glock4u.com/product/browning-citori-725/,"Browning Citori 725,browning 725 citori,725 browning citori,browning citori 725 field,browning citori 725 trap,browning 725 citori trap,browning 725 citori field,browning citori 725 sporting."
https://glock4u.com/product/beretta-686-silver-pigeon/,"Beretta 686 Silver Pigeon,beretta 686 silver pigeon review,beretta 686 silver pigeon i review,beretta 686 silver pigeon 1,beretta 686 silver pigeon i sporting shotgun,beretta 686 silver pigeon i vittoria."
https://glock4u.com/product/cz-redhead-premier/,"CZ Redhead Premier,part replacement on a cz redhead premier shotgun 12 ga,cz redhead premier review,cz premier redhead,cz redhead premier all terrain,cz redhead premier target."
https://glock4u.com/product/stoeger-condor/,"Stoeger Condor,stoeger condor over under,stoeger condor review,stoeger condor competition,stoeger condor supreme,stoeger condor 20 gauge,stoeger condor choke tubes,stoeger condor over/under shotgun,stoeger condor problems."
https://glock4u.com/product/winchester-101/,"Winchester 101,101 winchester,winchester model 101,winchester 101 pigeon grade,model 101 winchester,winchester 101 field,winchester 101 sporting."