proudcts_links,rank_math_focus_keyword
https://methpsychedelicstore.com/product/crack-cocaine/,"Buy Crack Cocaine online, High-purity Crack Cocaine for sale, Order Crack Cocaine for research, Purchase forensic Crack Cocaine samples"
https://methpsychedelicstore.com/product/crack-cocaine/,"Buy 1g Crack Cocaine sample, Order 1g lab-tested Crack Cocaine, Research-grade Crack Cocaine 1g, High-purity 1g Crack Cocaine for analysis"
https://methpsychedelicstore.com/product/crack-cocaine/,"Purchase 3g Crack Cocaine for forensic testing, Buy 3g Crack Cocaine for laboratory use, Order 3g Crack Cocaine online, High-quality Crack Cocaine 3g for research"
https://methpsychedelicstore.com/product/crack-cocaine/,"Buy 5g Crack Cocaine sample, Research Crack Cocaine 5g for sale, Order 5g Crack Cocaine for scientific analysis, High-purity Crack Cocaine 5g available"
https://methpsychedelicstore.com/product/fishscale-cocaine-batch/,"Buy Fishscale Cocaine online, Order high-quality Fishscale Cocaine, Research-grade Fishscale Cocaine for sale, Purchase Fishscale Cocaine for forensic testing"
https://methpsychedelicstore.com/product/fishscale-cocaine-batch/,"Buy 1g Fishscale Cocaine sample, Order 1g Fishscale Cocaine for research, Research-grade 1g Fishscale Cocaine for sale, High-purity 1g Fishscale Cocaine available"
https://methpsychedelicstore.com/product/fishscale-cocaine-batch/,"Purchase 3g Fishscale Cocaine for analysis, Buy 3g Fishscale Cocaine online, Order 3g research-grade Fishscale Cocaine, High-purity 3g Fishscale Cocaine available"
https://methpsychedelicstore.com/product/fishscale-cocaine-batch/,"Buy 5g Fishscale Cocaine for forensic research, Order 5g Fishscale Cocaine for lab testing, Research-grade 5g Fishscale Cocaine for sale, High-quality Fishscale Cocaine 5g available"
https://methpsychedelicstore.com/product/colombian-cocaine/,"Buy Peruvian Cocaine online, Order high-quality Peruvian Cocaine, Purchase Peruvian Cocaine for scientific research, Research-grade Peruvian Cocaine for sale"
https://methpsychedelicstore.com/product/colombian-cocaine/,"Buy 1g Peruvian Cocaine sample, Order 1g Peruvian Cocaine for lab testing, Research-grade 1g Peruvian Cocaine available, High-purity Peruvian Cocaine 1g for sale"
https://methpsychedelicstore.com/product/colombian-cocaine/,"Purchase 3g Peruvian Cocaine online, Buy 3g Peruvian Cocaine for forensic testing, Order 3g Peruvian Cocaine for lab research, High-purity Peruvian Cocaine 3g available"
https://methpsychedelicstore.com/product/colombian-cocaine/,"Buy 5g Peruvian Cocaine for forensic analysis, Order 5g research-grade Peruvian Cocaine, High-purity 5g Peruvian Cocaine for sale, Purchase 5g Peruvian Cocaine for lab testing"
https://methpsychedelicstore.com/product/colombian-cocaine/,"Buy Colombian Cocaine online, Order high-quality Colombian Cocaine, Research-grade Colombian Cocaine for sale, Purchase Colombian Cocaine for forensic testing"
https://methpsychedelicstore.com/product/colombian-cocaine/,"Buy 1g Colombian Cocaine for research, Order 1g Colombian Cocaine for lab testing, Research-grade 1g Colombian Cocaine for sale, High-purity 1g Colombian Cocaine available"
https://methpsychedelicstore.com/product/colombian-cocaine/,"Purchase 3g Colombian Cocaine sample, Buy 3g Colombian Cocaine online, Order 3g research-grade Colombian Cocaine, High-purity Colombian Cocaine 3g available"
https://methpsychedelicstore.com/product/colombian-cocaine/,"Buy 5g Colombian Cocaine for forensic analysis, Order 5g Colombian Cocaine for scientific research, High-quality 5g Colombian Cocaine for sale, Purchase 5g Colombian Cocaine for lab use"
https://methpsychedelicstore.com/product/blue-crystal-meth/,"Buy Blue Crystal Meth online, Order high-purity Blue Crystal Meth, Purchase Blue Crystal Meth for forensic testing, Research-grade Blue Crystal Meth for sale"
https://methpsychedelicstore.com/product/blue-crystal-meth/,"Buy 1g Blue Crystal Meth for lab analysis, Order 1g Blue Crystal Meth for research, Research-grade 1g Blue Crystal Meth available, High-purity Blue Crystal Meth 1g for sale"
https://methpsychedelicstore.com/product/blue-crystal-meth/,"Purchase 3g Blue Crystal Meth for forensic testing, Buy 3g Blue Crystal Meth online, Order 3g research-grade Blue Crystal Meth, High-quality Blue Crystal Meth 3g for sale"
https://methpsychedelicstore.com/product/blue-crystal-meth/,"Buy 5g Blue Crystal Meth for forensic research, Order 5g Blue Crystal Meth for lab testing, Research-grade 5g Blue Crystal Meth for sale, High-quality Blue Crystal Meth 5g available"
https://methpsychedelicstore.com/product/crystal-meth/,"Buy Crystal Meth online, Order Crystal Meth, Crystal Meth for sale, Best price Crystal Meth"
https://methpsychedelicstore.com/product/crystal-meth/,"Buy 1g Crystal Meth, Order 1g Crystal Meth, 1g Crystal Meth for sale, Cheapest 1g Crystal Meth"
https://methpsychedelicstore.com/product/crystal-meth/,"Buy 3g Crystal Meth, Order 3g Crystal Meth, 3g Crystal Meth for sale, Best price 3g Crystal Meth"
https://methpsychedelicstore.com/product/crystal-meth/,"Buy 5g Crystal Meth, Order 5g Crystal Meth, 5g Crystal Meth for sale, Discounted 5g Crystal Meth"
https://methpsychedelicstore.com/product/a-pvp-crystal/,"Buy A-PVP Crystal, Order A-PVP Crystal, A-PVP Crystal for sale, Pure A-PVP Crystal online"
https://methpsychedelicstore.com/product/a-pvp-crystal/,"Buy 1g A-PVP Crystal, Order 1g A-PVP Crystal, 1g A-PVP Crystal for sale, Cheapest 1g A-PVP Crystal"
https://methpsychedelicstore.com/product/a-pvp-crystal/,"Buy 3g A-PVP Crystal, Order 3g A-PVP Crystal, 3g A-PVP Crystal for sale, Best price 3g A-PVP Crystal"
https://methpsychedelicstore.com/product/a-pvp-crystal/,"Buy 5g A-PVP Crystal, Order 5g A-PVP Crystal, 5g A-PVP Crystal for sale, Bulk 5g A-PVP Crystal"
https://methpsychedelicstore.com/product/black-tar-heroin/,"Buy Black Tar Heroin, Order Black Tar Heroin, Black Tar Heroin for sale, Pure Black Tar Heroin online"
https://methpsychedelicstore.com/product/black-tar-heroin/,"Buy 1g Black Tar Heroin, Order 1g Black Tar Heroin, 1g Black Tar Heroin for sale, Best price 1g Black Tar Heroin"
https://methpsychedelicstore.com/product/black-tar-heroin/,"Buy 3g Black Tar Heroin, Order 3g Black Tar Heroin, 3g Black Tar Heroin for sale, Cheap 3g Black Tar Heroin"
https://methpsychedelicstore.com/product/black-tar-heroin/,"Buy 5g Black Tar Heroin, Order 5g Black Tar Heroin, 5g Black Tar Heroin for sale, Bulk 5g Black Tar Heroin"
https://methpsychedelicstore.com/product/62/,"Buy Brown Heroin, Order Brown Heroin, Brown Heroin for sale, Pure Brown Heroin online"
https://methpsychedelicstore.com/product/62/,"Buy 1g Brown Heroin, Order 1g Brown Heroin, 1g Brown Heroin for sale, Cheapest 1g Brown Heroin"
https://methpsychedelicstore.com/product/62/,"Buy 3g Brown Heroin, Order 3g Brown Heroin, 3g Brown Heroin for sale, Best price 3g Brown Heroin"
https://methpsychedelicstore.com/product/62/,"Buy 5g Brown Heroin, Order 5g Brown Heroin, 5g Brown Heroin for sale, Discounted 5g Brown Heroin"
https://methpsychedelicstore.com/product/67/,"Buy Rolls Royce Heroin, Order Rolls Royce Heroin, Rolls Royce Heroin for sale, Pure Rolls Royce Heroin"
https://methpsychedelicstore.com/product/67/,"Buy 1g Rolls Royce Heroin, Order 1g Rolls Royce Heroin, 1g Rolls Royce Heroin for sale, Best price 1g Rolls Royce Heroin"
https://methpsychedelicstore.com/product/67/,"Buy 3g Rolls Royce Heroin, Order 3g Rolls Royce Heroin, 3g Rolls Royce Heroin for sale, Cheap 3g Rolls Royce Heroin"
https://methpsychedelicstore.com/product/67/,"Buy 5g Rolls Royce Heroin, Order 5g Rolls Royce Heroin, 5g Rolls Royce Heroin for sale, Bulk 5g Rolls Royce Heroin"
https://methpsychedelicstore.com/product/72/,"Buy Heroin online, Order Heroin, Heroin for sale, Pure Heroin for sale"
https://methpsychedelicstore.com/product/72/,"Buy 1g Heroin, Order 1g Heroin, 1g Heroin for sale, Best price 1g Heroin"
https://methpsychedelicstore.com/product/72/,"Buy 3g Heroin, Order 3g Heroin, 3g Heroin for sale, Discounted 3g Heroin"
https://methpsychedelicstore.com/product/72/,"Buy 5g Heroin, Order 5g Heroin, 5g Heroin for sale, Bulk 5g Heroin"
https://methpsychedelicstore.com/product/mdma-crystals/,"Buy MDMA Crystals, Order MDMA Crystals, MDMA Crystals for sale, Pure MDMA Crystals"
https://methpsychedelicstore.com/product/mdma-crystals/,"Buy 1g MDMA Crystals, Order 1g MDMA Crystals, 1g MDMA Crystals for sale, Cheapest 1g MDMA Crystals"
https://methpsychedelicstore.com/product/mdma-crystals/,"Buy 3g MDMA Crystals, Order 3g MDMA Crystals, 3g MDMA Crystals for sale, Best price 3g MDMA Crystals"
https://methpsychedelicstore.com/product/mdma-crystals/,"Buy 5g MDMA Crystals, Order 5g MDMA Crystals, 5g MDMA Crystals for sale, Bulk 5g MDMA Crystals"
https://methpsychedelicstore.com/product/82/,"Buy MDMA Powder, Order MDMA Powder, MDMA Powder for sale, High purity MDMA Powder"
https://methpsychedelicstore.com/product/82/,"Buy 1g MDMA Powder, Order 1g MDMA Powder, 1g MDMA Powder for sale, Cheapest 1g MDMA Powder"
https://methpsychedelicstore.com/product/82/,"Buy 3g MDMA Powder, Order 3g MDMA Powder, 3g MDMA Powder for sale, Best price 3g MDMA Powder"
https://methpsychedelicstore.com/product/82/,"Buy 5g MDMA Powder, Order 5g MDMA Powder, 5g MDMA Powder for sale, Bulk 5g MDMA Powder"
https://methpsychedelicstore.com/product/mdma-ecstasy-pills/,"Buy MDMA Pills, Order MDMA Ecstasy, MDMA Pills for sale, Best MDMA Ecstasy Pills"
https://methpsychedelicstore.com/product/mdma-ecstasy-pills/,"Buy 10 MDMA Pills, Order 10 MDMA Pills, 10 MDMA Pills for sale, Cheapest 10 MDMA Pills"
https://methpsychedelicstore.com/product/mdma-ecstasy-pills/,"Buy 50 MDMA Pills, Order 50 MDMA Pills, 50 MDMA Pills for sale, Bulk 50 MDMA Pills"
https://methpsychedelicstore.com/product/mdma-ecstasy-pills/,"Buy 100 MDMA Pills, Order 100 MDMA Pills, 100 MDMA Pills for sale, Best price 100 MDMA Pills"
https://methpsychedelicstore.com/product/ketamine-powder/,"Buy Ketamine Powder, Order Ketamine Powder, Ketamine Powder for sale, Pure Ketamine Powder"
https://methpsychedelicstore.com/product/ketamine-powder/,"Buy 1g Ketamine Powder, Order 1g Ketamine Powder, 1g Ketamine Powder for sale, Cheapest 1g Ketamine Powder"
https://methpsychedelicstore.com/product/ketamine-powder/,"Buy 3g Ketamine Powder, Order 3g Ketamine Powder, 3g Ketamine Powder for sale, Best price 3g Ketamine Powder"
https://methpsychedelicstore.com/product/ketamine-powder/,"Buy 5g Ketamine Powder, Order 5g Ketamine Powder, 5g Ketamine Powder for sale, Bulk 5g Ketamine Powder"
https://methpsychedelicstore.com/product/99/,"Buy Ketamine HCL Liquid, Order Ketamine HCL, Ketamine HCL Liquid for sale, Best Ketamine HCL solution"
https://methpsychedelicstore.com/product/99/,"Buy 1 bottle Ketamine HCL, Order Ketamine HCL Liquid, Ketamine HCL 500mg for sale, Cheapest Ketamine HCL Liquid"
https://methpsychedelicstore.com/product/adderall-amphetamine/,"Buy Adderall online, Order Adderall, Adderall for sale, Amphetamine tablets"
https://methpsychedelicstore.com/product/adderall-amphetamine/,"Buy 10 Adderall Pills, Order 10 Adderall, 10 Adderall for sale, Cheapest 10 Adderall Pills"
https://methpsychedelicstore.com/product/adderall-amphetamine/,"Buy 50 Adderall Pills, Order 50 Adderall, 50 Adderall for sale, Bulk 50 Adderall Pills"
https://methpsychedelicstore.com/product/adderall-amphetamine/,"Buy 100 Adderall Pills, Order 100 Adderall, 100 Adderall for sale, Best price 100 Adderall Pills"
https://methpsychedelicstore.com/product/vyvanse-lisdexamfetamine/,"Buy Vyvanse online, Order Vyvanse, Vyvanse for sale, ADHD medication"
https://methpsychedelicstore.com/product/vyvanse-lisdexamfetamine/,"Buy 10 Vyvanse Pills, Order 10 Vyvanse, 10 Vyvanse Pills for sale, Cheapest 10 Vyvanse Pills"
https://methpsychedelicstore.com/product/vyvanse-lisdexamfetamine/,"Buy 50 Vyvanse Pills, Order 50 Vyvanse, 50 Vyvanse Pills for sale, Bulk 50 Vyvanse Pills"
https://methpsychedelicstore.com/product/vyvanse-lisdexamfetamine/,"Buy 100 Vyvanse Pills, Order 100 Vyvanse, 100 Vyvanse Pills for sale, Best price 100 Vyvanse Pills"
https://methpsychedelicstore.com/product/phentermine/,"Buy Phentermine online, Order Phentermine, Phentermine for sale, Weight loss pills"
https://methpsychedelicstore.com/product/phentermine/,"Buy 50 Phentermine Pills, Order 50 Phentermine, 50 Phentermine for sale, Bulk 50 Phentermine Pills"
https://methpsychedelicstore.com/product/phentermine/,"Buy 100 Phentermine Pills, Order 100 Phentermine, 100 Phentermine for sale, Best price 100 Phentermine Pills"
https://methpsychedelicstore.com/product/xanax-alprazolam/,"Buy Xanax online, Order Xanax, Xanax for sale, Alprazolam tablets"
https://methpsychedelicstore.com/product/xanax-alprazolam/,"Buy 50 Xanax Pills, Order 50 Xanax, 50 Xanax Pills for sale, Cheapest 50 Xanax Pills"
https://methpsychedelicstore.com/product/xanax-alprazolam/,"Buy 100 Xanax Pills, Order 100 Xanax, 100 Xanax Pills for sale, Best price 100 Xanax Pills"
https://methpsychedelicstore.com/product/valium-diazepam/,"Buy Valium online, Order Valium, Valium for sale, Diazepam medication"
https://methpsychedelicstore.com/product/valium-diazepam/,"Buy 50 Valium Pills, Order 50 Valium, 50 Valium Pills for sale, Cheapest 50 Valium Pills"
https://methpsychedelicstore.com/product/valium-diazepam/,"Buy 100 Valium Pills, Order 100 Valium, 100 Valium Pills for sale, Best price 100 Valium Pills"
https://methpsychedelicstore.com/product/127/,"Buy Ativan online, Order Ativan, Ativan for sale, Lorazepam tablets"
https://methpsychedelicstore.com/product/127/,"Buy 50 Ativan Pills, Order 50 Ativan, 50 Ativan Pills for sale, Cheapest 50 Ativan Pills"
https://methpsychedelicstore.com/product/127/,"Buy 100 Ativan Pills, Order 100 Ativan, 100 Ativan Pills for sale, Best price 100 Ativan Pills"
https://methpsychedelicstore.com/product/wellbutrin-bupropion/,"Buy Wellbutrin online, Order Wellbutrin, Wellbutrin for sale, Bupropion medication"
https://methpsychedelicstore.com/product/wellbutrin-bupropion/,"Buy 50 Wellbutrin Pills, Order 50 Wellbutrin, 50 Wellbutrin Pills for sale, Cheapest 50 Wellbutrin Pills"
https://methpsychedelicstore.com/product/wellbutrin-bupropion/,"Buy 100 Wellbutrin Pills, Order 100 Wellbutrin, 100 Wellbutrin Pills for sale, Best price 100 Wellbutrin Pills"
https://methpsychedelicstore.com/product/oxycodone-oxycontin-percocet/,"Buy Oxycodone online, Order Oxycodone, Oxycodone for sale, Strong pain relief"
https://methpsychedelicstore.com/product/hydrocodone-vicodin-norco/,"Buy Hydrocodone online, Order Hydrocodone, Hydrocodone for sale, Pain relief medication"
https://methpsychedelicstore.com/product/fentanyl-various-illicit-forms/,"Buy Fentanyl online, Order Fentanyl, Fentanyl for sale, Strong opioid medication"
https://methpsychedelicstore.com/product/morphine-ms-contin-roxanol/,"Buy Morphine online, Order Morphine, Morphine for sale, Chronic pain relief"
https://methpsychedelicstore.com/product/codeine-tylenol-with-codeine/,"Buy Codeine online, Order Codeine, Codeine for sale, Cough suppressant"
https://methpsychedelicstore.com/product/alprazolam-xanax/,"Buy Alprazolam online, Order Alprazolam, Alprazolam for sale, Anxiety relief"
https://methpsychedelicstore.com/product/diazepam-valium/,"Buy Diazepam online, Order Diazepam, Diazepam for sale, Muscle relaxant"
https://methpsychedelicstore.com/product/clonazepam-klonopin/,"Buy Clonazepam online, Order Clonazepam, Clonazepam for sale, Seizure medication"
https://methpsychedelicstore.com/product/lorazepam-ativan/,"Buy Lorazepam online, Order Lorazepam, Lorazepam for sale, Sedative medication"
https://methpsychedelicstore.com/product/temazepam-restoril/,"Buy Temazepam online, Order Temazepam, Temazepam for sale, Sleep aid"
https://methpsychedelicstore.com/product/amphetamine-dextroamphetamine-adderall/,"Buy Adderall online, Order Adderall, Adderall for sale, ADHD medication"
https://methpsychedelicstore.com/product/methylphenidate-ritalin-concerta/,"Buy Methylphenidate online, Order Methylphenidate, Methylphenidate for sale, Focus enhancer"
https://methpsychedelicstore.com/product/methamphetamine-desoxyn-in-illicit-forms/,"Buy Methamphetamine online, Order Methamphetamine, Methamphetamine for sale, Pure Desoxyn"
https://methpsychedelicstore.com/product/zolpidem-ambien/,"Buy Zolpidem online, Order Zolpidem, Zolpidem for sale, Sleep aid medication"
https://methpsychedelicstore.com/product/eszopiclone-lunesta/,"Buy Eszopiclone online, Order Lunesta, Eszopiclone for sale, Sleep aid medication"
https://methpsychedelicstore.com/product/phenobarbital-a-barbiturate/,"Buy Phenobarbital online, Order Phenobarbital, Phenobarbital for sale, Barbiturate medication"
https://methpsychedelicstore.com/product/carisoprodol-soma-a-muscle-relaxant-misused-for-its-sedative-effects/,"Buy Carisoprodol online, Order Soma, Soma for sale, Muscle relaxant"
https://methpsychedelicstore.com/product/mdma-ecstasy-or-molly/,"Buy MDMA online, Order MDMA Ecstasy, MDMA for sale, Pure Molly tabs"
https://methpsychedelicstore.com/product/lsd-blotter-tabs-100-tab/,"Buy LSD online, Order LSD blotter tabs, LSD for sale, Psychedelic experience"
https://methpsychedelicstore.com/product/atorvastatin-lipitor-cholesterol-management/,"Cholesterol control, LDL reduction, Heart health, Statin therapy, Cardiovascular disease"
https://methpsychedelicstore.com/product/levothyroxine-synthroid-hypothyroidism/,"Thyroid hormone, Hypothyroidism treatment, Metabolism regulation, TSH levels, Endocrine health"
https://methpsychedelicstore.com/product/lisinopril-hypertension/,"Blood pressure, ACE inhibitor, Hypertension treatment, Kidney protection, Heart failure"
https://methpsychedelicstore.com/product/metformin-glucophage-type-2-diabetes/,"Type 2 diabetes, Blood sugar control, Insulin resistance, Weight management, PCOS treatment"
https://methpsychedelicstore.com/product/amlodipine-norvasc-hypertension/,"High blood pressure, Calcium channel blocker, Angina relief, Hypertension management, Heart disease prevention"
https://methpsychedelicstore.com/product/albuterol-proair-ventolin-asthma-copd/,"Asthma relief, Bronchodilator, COPD treatment, Wheezing control, Emergency inhaler"
https://methpsychedelicstore.com/product/omeprazole-prilosec-gerd-acid-reflux/,"Acid reflux, GERD treatment, Stomach ulcers, Proton pump inhibitor, Heartburn relief"
https://methpsychedelicstore.com/product/simvastatin-zocor-cholesterol/,"Cholesterol management, Statin medication, LDL lowering, Cardiovascular protection, Lipid control"
https://methpsychedelicstore.com/product/gabapentin-neurontin-nerve-pain-seizures/,"Nerve pain, Seizure control, Neuropathy treatment, Fibromyalgia relief, Epilepsy medication"
https://methpsychedelicstore.com/product/hydrocodone-acetaminophen-norco-vicodin-pain-relief/,"Pain relief, Opioid analgesic, Post-surgery pain, Moderate-severe pain, Combination painkiller"
https://methpsychedelicstore.com/product/losartan-hypertension/,"Hypertension, ARB medication, Stroke prevention, Kidney protection, Blood pressure control"
https://methpsychedelicstore.com/product/sertraline-zoloft-depression-anxiety/,"Depression treatment, Anxiety relief, SSRI medication, Mental health, Mood stabilization"
https://methpsychedelicstore.com/product/escitalopram-lexapro-depression-anxiety/,"Anxiety treatment, Depression management, SSRI therapy, Mental well-being, Panic disorder"
https://methpsychedelicstore.com/product/furosemide-lasix-edema-heart-failure/,"Diuretic medication, Edema reduction, Heart failure treatment, Fluid retention, Blood pressure control"
https://methpsychedelicstore.com/product/rosuvastatin-crestor-cholesterol/,"Cholesterol-lowering, Cardiovascular health, LDL reduction, Statin therapy, Atherosclerosis prevention"
https://methpsychedelicstore.com/product/pantoprazole-protonix-gerd/,"GERD relief, Acid suppression, Stomach ulcer treatment, Proton pump inhibitor, Heartburn control"
https://methpsychedelicstore.com/product/prednisone-inflammation-allergies/,"Anti-inflammatory, Allergy treatment, Autoimmune therapy, Steroid medication, Asthma management"
https://methpsychedelicstore.com/product/insulin-glargine-lantus-diabetes/,"Diabetes control, Long-acting insulin, Blood sugar regulation, Type 1 diabetes, Type 2 diabetes"
https://methpsychedelicstore.com/product/tramadol-ultram-moderate-pain/,"Moderate pain relief, Opioid analgesic, Chronic pain management, Post-surgery pain, Prescription painkiller"
https://methpsychedelicstore.com/product/metoprolol-hypertension-heart-conditions/,"Beta-blocker, Blood pressure regulation, Heart attack prevention, Arrhythmia control, Hypertension treatment"
https://methpsychedelicstore.com/product/duloxetine-cymbalta-depression-chronic-pain/,"Chronic pain relief, Depression treatment, Anxiety management, Neuropathic pain, SNRI medication"
https://methpsychedelicstore.com/product/clopidogrel-plavix-blood-thinner/,"Blood thinner, Stroke prevention, Antiplatelet therapy, Heart attack prevention, Cardiovascular disease"
https://methpsychedelicstore.com/product/tamsulosin-flomax-enlarged-prostate/,"Enlarged prostate, Urinary retention, BPH treatment, Alpha-blocker, Prostate health"
https://methpsychedelicstore.com/product/montelukast-singulair-asthma-allergies/,"Asthma control, Allergy relief, Leukotriene inhibitor, Bronchospasm prevention, Seasonal allergies"
https://methpsychedelicstore.com/product/dulaglutide-trulicity-diabetes-weight-loss/,"Type 2 diabetes, Blood sugar management, GLP-1 receptor agonist, Weight loss aid, Weekly injection"
https://methpsychedelicstore.com/product/empagliflozin-jardiance-diabetes-heart-failure/,"Diabetes medication, Heart failure prevention, SGLT2 inhibitor, Blood sugar reduction, Kidney protection"
https://methpsychedelicstore.com/product/sitagliptin-januvia-diabetes/,"Type 2 diabetes treatment, Blood sugar control, DPP-4 inhibitor, Insulin production, Diabetes medication"
https://methpsychedelicstore.com/product/adalimumab-humira-autoimmune-diseases-e-g-rheumatoid-arthritis/,"Rheumatoid arthritis, Psoriasis treatment, Autoimmune therapy, Biologic medication, Crohnâ€™s disease"
https://methpsychedelicstore.com/product/apixaban-eliquis-blood-thinner/,"Blood clot prevention, Stroke risk reduction, Anticoagulant therapy, Atrial fibrillation, Deep vein thrombosis"
https://methpsychedelicstore.com/product/rivaroxaban-xarelto-blood-thinner/,"Blood thinner, Stroke prevention, DVT treatment, Atrial fibrillation, Pulmonary embolism prevention"
https://methpsychedelicstore.com/product/quetiapine-seroquel-bipolar-disorder-schizophrenia/,"Schizophrenia treatment, Bipolar disorder management, Antipsychotic medication, Mood stabilization, Sleep aid"
https://methpsychedelicstore.com/product/semaglutide-ozempic-wegovy-diabetes-obesity/,"Weight loss aid, Type 2 diabetes management, GLP-1 receptor agonist, Blood sugar control, Obesity treatment"
https://methpsychedelicstore.com/product/trazodone-depression-insomnia/,"Depression treatment, Sleep aid, Insomnia relief, Serotonin modulator, Anxiety medication"
https://methpsychedelicstore.com/product/amoxicillin-bacterial-infections/,"Bacterial infections, Antibiotic therapy, Strep throat treatment, Sinus infection relief, Respiratory infections"
https://methpsychedelicstore.com/product/azithromycin-z-pak-infections/,"Antibiotic treatment, Respiratory infections, Bacterial pneumonia, Chlamydia treatment, Sinusitis relief"
https://methpsychedelicstore.com/product/oxycodone-oxycontin-severe-pain/,"Severe pain management, Opioid analgesic, Post-surgical pain, Chronic pain treatment, Prescription painkiller"
https://methpsychedelicstore.com/product/bupropion-wellbutrin-depression-smoking-cessation/,"Depression treatment, Smoking cessation, Dopamine reuptake inhibitor, Energy-boosting antidepressant, Mood enhancement"
https://methpsychedelicstore.com/product/venlafaxine-effexor-depression-anxiety/,"Anxiety relief, Depression management, SNRI therapy, Panic disorder treatment, Mood stabilization"
https://methpsychedelicstore.com/product/celecoxib-celebrex-arthritis-pain/,"Arthritis pain relief, Anti-inflammatory medication, Osteoarthritis treatment, NSAID therapy, Joint pain management"
https://methpsychedelicstore.com/product/insulin-aspart-novolog-rapid-acting-insulin/,"Rapid-acting insulin, Blood sugar control, Type 1 diabetes, Type 2 diabetes, Meal-time insulin"
https://methpsychedelicstore.com/product/pregabalin-lyrica-nerve-pain/,"Neuropathic pain relief, Fibromyalgia treatment, Seizure control, Anxiety management, Chronic pain medication"
https://methpsychedelicstore.com/product/biktarvy-hiv-treatment/,"HIV treatment, Antiviral therapy, Combination HIV medication, AIDS prevention, Viral load suppression"
https://methpsychedelicstore.com/product/dupilumab-dupixent-eczema-asthma/,"Eczema treatment, Asthma control, Biologic therapy, Atopic dermatitis relief, Immune system modulator"
https://methpsychedelicstore.com/product/pembrolizumab-keytruda-cancer-immunotherapy/,"Cancer immunotherapy, Checkpoint inhibitor, Lung cancer treatment, Melanoma therapy, Targeted cancer treatment"
https://methpsychedelicstore.com/product/tirzepatide-mounjaro-diabetes-obesity/,"Type 2 diabetes, Weight loss aid, GLP-1/GIP dual agonist, Blood sugar control, Obesity treatment"
https://methpsychedelicstore.com/product/etanercept-enbrel-autoimmune-diseases/,"Rheumatoid arthritis, Psoriasis treatment, Biologic medication, Immune system modulator, Autoimmune disease management"
https://methpsychedelicstore.com/product/fluoxetine-prozac-depression/,"Depression treatment, Anxiety relief, SSRI medication, OCD management, Mood stabilization"
https://methpsychedelicstore.com/product/carvedilol-heart-failure-hypertension/,"Heart failure treatment, Beta-blocker medication, Hypertension control, Cardiovascular protection, Arrhythmia prevention"
https://methpsychedelicstore.com/product/sumatriptan-imitrex-migraines/,"Migraine relief, Cluster headache treatment, Serotonin receptor agonist, Acute migraine medication, Headache prevention"
https://methpsychedelicstore.com/product/warfarin-coumadin-blood-thinner/,"Blood thinner, Stroke prevention, Anticoagulant medication, Deep vein thrombosis treatment, Blood clot prevention"
https://methpsychedelicstore.com/,"Buy psychedelics online, Psychedelic drugs for sale, Order research chemicals, Best online drug store"
https://methpsychedelicstore.com/psychedelics-one-stop-shop/,"Psychedelic shop online, Buy hallucinogens online, Best psychedelics for sale, One-stop psychedelic store"
https://methpsychedelicstore.com/contact-us-2/,"Psychedelic store support, Contact drug suppliers, Online drug inquiries, Customer service psychedelics"
https://methpsychedelicstore.com/cocaine/,"Buy cocaine online, Cocaine for sale, Order pure cocaine, Discreet cocaine shipping"
https://methpsychedelicstore.com/mdma/,"Buy MDMA online, Pure MDMA for sale, Order ecstasy pills, Best MDMA supplier"
https://methpsychedelicstore.com/ketamine/,"Buy ketamine online, Ketamine for depression, Order ketamine powder, Ketamine therapy drugs"
https://methpsychedelicstore.com/product/warfarin-coumadin-blood-thinner/,"Buy Warfarin online, Blood thinner medication, Order Coumadin pills, Anticoagulant drugs for sale"
https://methpsychedelicstore.com/blood-thinners-anticoagulants/,"Best blood thinners, Buy anticoagulants online, Blood clot prevention, Order blood thinner drugs"
https://methpsychedelicstore.com/product/sumatriptan-imitrex-migraines/,"Buy Sumatriptan online, Imitrex for migraines, Order migraine medication, Best migraine relief pills"
https://methpsychedelicstore.com/migraine-treatment/,"Best migraine drugs, Buy headache relief pills, Sumatriptan for sale, Order migraine tablets"
https://methpsychedelicstore.com/product/carvedilol-heart-failure-hypertension/,"Buy Carvedilol online, Heart failure medication, Order hypertension drugs, Beta-blockers for sale"
https://methpsychedelicstore.com/hypertension-heart-conditions/,"Best hypertension treatment, Buy heart condition drugs, Blood pressure medication, Order beta-blockers online"
https://methpsychedelicstore.com/product/fluoxetine-prozac-depression/,"Buy Fluoxetine online, Prozac for depression, Order antidepressants, Best depression medication"
https://methpsychedelicstore.com/anxiety-mental-health/,"Anxiety treatment, Mental health medication, Buy anxiety pills online, Best stress relief drugs"
https://methpsychedelicstore.com/depression/,"Depression medication, Buy antidepressants online, Best depression treatment, Order mood stabilizers"
https://methpsychedelicstore.com/product/etanercept-enbrel-autoimmune-diseases/,"Buy Enbrel online, Autoimmune disease treatment, Order Etanercept injections, Best arthritis medication"
https://methpsychedelicstore.com/autoimmune-diseases/,"Autoimmune disorder treatment, Best immune system drugs, Buy immunosuppressants, Order inflammation medication"
https://methpsychedelicstore.com/product/tirzepatide-mounjaro-diabetes-obesity/,"Buy Tirzepatide online, Mounjaro for diabetes, Best weight loss medication, Order obesity treatment"
https://methpsychedelicstore.com/diabetes-management/,"Best diabetes drugs, Buy insulin alternatives, Blood sugar control medication, Order diabetes treatment"
https://methpsychedelicstore.com/product/pembrolizumab-keytruda-cancer-immunotherapy/,"Buy Keytruda online, Cancer immunotherapy drugs, Best cancer treatment, Order Pembrolizumab injections"
https://methpsychedelicstore.com/cancer-treatment/,"Best cancer medications, Buy chemotherapy drugs, Immunotherapy for cancer, Order oncology treatments"
https://methpsychedelicstore.com/product/dupilumab-dupixent-eczema-asthma/,"Buy Dupixent online, Eczema treatment medication, Best asthma relief drug, Order Dupilumab injections"
https://methpsychedelicstore.com/asthma-copd/,"Best asthma medication, Buy COPD treatment drugs, Order inhalers online, Breathing disorder treatments"
https://methpsychedelicstore.com/product/crack-cocaine/,"Buy crack cocaine, Crack cocaine for sale, Order pure crack, Discreet crack cocaine shipping"
https://methpsychedelicstore.com/psychedelic/,"Buy psychedelics online, Psychedelic drugs for sale, Order hallucinogens, Best research chemicals"
https://methpsychedelicstore.com/product/fishscale-cocaine-batch/,"Buy fishscale cocaine, Pure fishscale batch, Order high-quality cocaine, Best cocaine supplier"
https://methpsychedelicstore.com/product/peruvian-cocaine/,"Buy Peruvian cocaine, Pure South American cocaine, Best cocaine quality, Order cocaine online"
https://methpsychedelicstore.com/product/colombian-cocaine/,"Buy Colombian cocaine, Pure cocaine for sale, Best cocaine supplier, Order discreetly online"
https://methpsychedelicstore.com/psychedelics-one-stop-shop/page/2/,"Best psychedelic selection, Buy hallucinogens online, Psychedelic store deals, Order research chemicals"
https://methpsychedelicstore.com/psychedelics-one-stop-shop/page/3/,"Buy psychedelics online, Psychedelic store deals, Order hallucinogens, Research chemicals for sale"
https://methpsychedelicstore.com/psychedelics-one-stop-shop/page/4/,"Best psychedelic selection, Buy magic mushrooms, Psychedelic research chemicals, Order LSD online"
https://methpsychedelicstore.com/psychedelics-one-stop-shop/page/5/,"Buy hallucinogens online, Psychedelic drugs for sale, One-stop psychedelic store, Order DMT online"
https://methpsychedelicstore.com/psychedelics-one-stop-shop/page/6/,"Best psychedelics online, Buy research chemicals, Psychedelic store discounts, Order mescaline online"
https://methpsychedelicstore.com/product/a-pvp-crystal/,"Buy A-PVP online, Pure A-PVP crystal, Order synthetic stimulants, Best research chemicals"
https://methpsychedelicstore.com/crystal-meth/,"Buy crystal meth, Methamphetamine for sale, Order meth online, Discreet meth shipping"
https://methpsychedelicstore.com/product/adalimumab-humira-autoimmune-diseases-e-g-rheumatoid-arthritis/,"Buy Humira online, Autoimmune disease treatment, Order Adalimumab injections, Best arthritis medication"
https://methpsychedelicstore.com/product/adderall-amphetamine/,"Buy Adderall online, Amphetamine for ADHD, Order focus pills, Best stimulant medication"
https://methpsychedelicstore.com/pills/,"Buy pills online, Prescription drugs for sale, Order medications discreetly, Best online pharmacy"
https://methpsychedelicstore.com/product/albuterol-proair-ventolin-asthma-copd/,"Buy Albuterol online, Asthma inhaler for sale, Order ProAir inhaler, Best COPD medication"
https://methpsychedelicstore.com/product/alprazolam-xanax/,"Buy Xanax online, Alprazolam for anxiety, Order anti-anxiety pills, Best benzodiazepines for sale"
https://methpsychedelicstore.com/benzodiazepines-anti-anxiety-medications/,"Buy benzodiazepines, Best anti-anxiety pills, Order prescription sedatives, Xanax alternatives online"
https://methpsychedelicstore.com/product/amlodipine-norvasc-hypertension/,"Buy Amlodipine online, Blood pressure medication, Order Norvasc pills, Best hypertension treatment"
https://methpsychedelicstore.com/product/amoxicillin-bacterial-infections/,"Buy Amoxicillin online, Antibiotics for bacterial infections, Order penicillin alternatives, Best infection treatment"
https://methpsychedelicstore.com/bacterial-infections-antibiotics/,"Buy antibiotics online, Best bacterial infection treatment, Order prescription antibiotics, Broad-spectrum antibiotics for sale"
https://methpsychedelicstore.com/product/amphetamine-dextroamphetamine-adderall/,"Buy Adderall online, ADHD medication for sale, Order focus pills, Best stimulant drugs"
https://methpsychedelicstore.com/stimulants/,"Buy stimulants online, Best energy boosters, Order prescription stimulants, ADHD & focus drugs"
https://methpsychedelicstore.com/product/apixaban-eliquis-blood-thinner/,"Buy Eliquis online, Blood thinner medication, Order Apixaban pills, Best anticoagulant drugs"
https://methpsychedelicstore.com/product/127/,"Buy medication online, Prescription drugs for sale, Order health supplements, Best pharmaceutical products"
https://methpsychedelicstore.com/product/atorvastatin-lipitor-cholesterol-management/,"Buy Lipitor online, Cholesterol-lowering medication, Order Atorvastatin pills, Best heart health drugs"
https://methpsychedelicstore.com/cholesterol-management/,"Lower cholesterol naturally, Best statin drugs, Order cholesterol medication, Heart health supplements"
https://methpsychedelicstore.com/product/azithromycin-z-pak-infections/,"Buy Azithromycin online, Z-Pak for infections, Order antibiotics, Best bacterial infection treatment"
https://methpsychedelicstore.com/product/biktarvy-hiv-treatment/,"Buy Biktarvy online, Best HIV treatment, Order antiretroviral medication, HIV prevention drugs"
https://methpsychedelicstore.com/hiv-treatment/,"Buy HIV medication, Best antiretroviral drugs, Order HIV treatment, HIV prevention pills"
https://methpsychedelicstore.com/product/black-tar-heroin/,"Buy black tar heroin, Heroin for sale, Order pure heroin, Best opioid drugs"
https://methpsychedelicstore.com/heroin/,"Buy heroin online, Strongest opioid drugs, Order heroin powder, Pure heroin for sale"
https://methpsychedelicstore.com/product/blue-crystal-meth/,"Buy blue meth online, Pure crystal meth, Order methamphetamine, Best stimulant drugs"
https://methpsychedelicstore.com/product/62/,"Buy medication online, Prescription drugs for sale, Order health supplements, Best pharmaceutical products"
https://methpsychedelicstore.com/product/mdma-crystals/,"Buy MDMA crystals, Pure ecstasy for sale, Order MDMA online, Best party drugs"
https://methpsychedelicstore.com/product/mdma-ecstasy-pills/,"Buy Ecstasy pills, MDMA for sale, Order party drugs, Best euphoric stimulants"
https://methpsychedelicstore.com/product/82/,"Buy medicine online, Order prescription drugs, Health supplements for sale, Best pharmaceutical products"
https://methpsychedelicstore.com/product/99/,"Buy health products, Best prescription drugs, Order medicine online, Pharmaceutical supplies"
https://methpsychedelicstore.com/product/ketamine-powder/,"Buy ketamine powder, Order special K online, Best dissociative anesthetics, Pure ketamine for sale"
https://methpsychedelicstore.com/product/rivaroxaban-xarelto-blood-thinner/,"Buy Xarelto online, Best blood thinner, Order Rivaroxaban pills, Anticoagulant medication for sale"
https://methpsychedelicstore.com/product/clopidogrel-plavix-blood-thinner/,"Buy Plavix online, Best anticoagulant drugs, Order Clopidogrel, Blood clot prevention pills"
https://methpsychedelicstore.com/product/metoprolol-hypertension-heart-conditions/,"Buy Metoprolol online, Best heart medication, Order beta-blockers, Hypertension treatment pills"
https://methpsychedelicstore.com/product/losartan-hypertension/,"Buy Losartan online, Best blood pressure medication, Order hypertension treatment, ARB drug for sale"
https://methpsychedelicstore.com/product/lisinopril-hypertension/,"Buy Lisinopril online, ACE inhibitor medication, Order hypertension drugs, Best blood pressure pills"
https://methpsychedelicstore.com/product/venlafaxine-effexor-depression-anxiety/,"Buy Effexor online, Best antidepressant drugs, Order Venlafaxine, Anxiety medication for sale"
https://methpsychedelicstore.com/product/trazodone-depression-insomnia/,"Buy Trazodone online, Best sleep aid medication, Order antidepressants, Insomnia treatment pills"
https://methpsychedelicstore.com/product/quetiapine-seroquel-bipolar-disorder-schizophrenia/,"Buy Seroquel online, Best schizophrenia medication, Order Quetiapine, Bipolar disorder treatment"
https://methpsychedelicstore.com/product/duloxetine-cymbalta-depression-chronic-pain/,"Buy Cymbalta online, Best antidepressant for pain, Order Duloxetine, Chronic pain medication"
https://methpsychedelicstore.com/product/escitalopram-lexapro-depression-anxiety/,"Buy Lexapro online, Best SSRI antidepressant, Order Escitalopram, Anxiety treatment pills"
https://methpsychedelicstore.com/product/bupropion-wellbutrin-depression-smoking-cessation/,"Buy Wellbutrin online, Best antidepressant for quitting smoking, Order Bupropion, Depression medication"
https://methpsychedelicstore.com/product/sertraline-zoloft-depression-anxiety/,"Buy Zoloft online, Best SSRI for depression, Order Sertraline, Anxiety medication for sale"
https://methpsychedelicstore.com/product/insulin-aspart-novolog-rapid-acting-insulin/,"Buy Novolog insulin, Fast-acting diabetes medication, Order insulin online, Best diabetes treatment"
https://methpsychedelicstore.com/product/semaglutide-ozempic-wegovy-diabetes-obesity/,"Buy Ozempic online, Weight loss injection, Order Semaglutide, Best diabetes medication"
https://methpsychedelicstore.com/product/empagliflozin-jardiance-diabetes-heart-failure/,"Buy Jardiance online, Best SGLT2 inhibitor, Order Empagliflozin, Diabetes medication for sale"
https://methpsychedelicstore.com/product/insulin-glargine-lantus-diabetes/,"Buy Lantus insulin, Long-acting diabetes medication, Order Insulin Glargine, Best diabetes treatment"
https://methpsychedelicstore.com/product/dulaglutide-trulicity-diabetes-weight-loss/,"Buy Trulicity online, Best GLP-1 receptor agonist, Order Dulaglutide, Diabetes medication for weight loss"
https://methpsychedelicstore.com/product/metformin-glucophage-type-2-diabetes/,"Buy Metformin online, Best Type 2 diabetes medication, Order Glucophage, Diabetes control pills"
https://methpsychedelicstore.com/product/sitagliptin-januvia-diabetes/,"Buy Januvia online, Best DPP-4 inhibitor, Order Sitagliptin, Diabetes medication for sale"
https://methpsychedelicstore.com/product/montelukast-singulair-asthma-allergies/,"Buy Singulair online, Best asthma medication, Order Montelukast, Allergy treatment pills"
https://methpsychedelicstore.com/product/wellbutrin-bupropion/,"Buy Wellbutrin online, Best antidepressant for energy, Order Bupropion, Depression medication"
https://methpsychedelicstore.com/product/xanax-alprazolam/,"Buy Xanax online, Best anti-anxiety medication, Order Alprazolam, Panic attack treatment"
https://methpsychedelicstore.com/psychedelic/page/2/,"Buy psychedelics online, Best hallucinogens, Order LSD & DMT, Magic mushrooms for sale"
https://methpsychedelicstore.com/product/crystal-meth/,"Buy crystal meth online, Best methamphetamine, Order meth for sale, Pure meth powder"
https://methpsychedelicstore.com/product/72/,"Buy medicine online, Order prescription drugs, Best pharmaceutical supplies, Health products for sale"
https://methpsychedelicstore.com/product/mdma-ecstasy-or-molly/,"Buy MDMA online, Best Ecstasy pills, Order Molly for parties, Pure MDMA crystals"
https://methpsychedelicstore.com/product/67/,"Buy medication online, Best prescription drugs, Order pharmaceutical supplies, Health products for sale"
https://methpsychedelicstore.com/product/valium-diazepam/,"Buy Valium online, Best benzodiazepine, Order Diazepam, Anti-anxiety medication"
https://methpsychedelicstore.com/product/carisoprodol-soma-a-muscle-relaxant-misused-for-its-sedative-effects/,"Buy Soma online, Best muscle relaxant, Order Carisoprodol, Sedative pain relief"
https://methpsychedelicstore.com/sedatives-and-hypnotics/,"Buy sedatives online, Best sleeping pills, Order hypnotic drugs, Anti-anxiety medications"
https://methpsychedelicstore.com/product/celecoxib-celebrex-arthritis-pain/,"Buy Celebrex online, Best arthritis pain relief, Order Celecoxib, Joint pain treatment"
https://methpsychedelicstore.com/pain-relief-anti-inflammatory/,"Buy painkillers online, Best anti-inflammatory drugs, Order pain relief medication, Chronic pain treatment"
https://methpsychedelicstore.com/product/clonazepam-klonopin/,"Buy Klonopin online, Best anti-seizure medication, Order Clonazepam, Panic disorder treatment"
https://methpsychedelicstore.com/product/codeine-tylenol-with-codeine/,"Buy Codeine online, Best opioid painkiller, Order Tylenol with Codeine, Cough suppressant medication"
https://methpsychedelicstore.com/opioids-prescription-painkillers/,"Buy opioids online, Best painkillers, Order prescription opioids, Chronic pain treatment"
https://methpsychedelicstore.com/product/diazepam-valium/,"Buy Diazepam online, Best sedative medication, Order Valium, Anti-anxiety pills for sale"
https://methpsychedelicstore.com/product/eszopiclone-lunesta/,"Buy Lunesta online, Best sleeping aid, Order Eszopiclone, Insomnia treatment medication"
https://methpsychedelicstore.com/product/fentanyl-various-illicit-forms/,"Buy Fentanyl online, Best illicit opioids, Order Fentanyl, Prescription strength fentanyl"
https://methpsychedelicstore.com/product/furosemide-lasix-edema-heart-failure/,"Buy Lasix online, Best diuretic for edema, Order Furosemide, Heart failure treatment"
https://methpsychedelicstore.com/edema-heart-failure/,"Buy edema treatment, Best heart failure medications, Order Furosemide, Diuretics for heart failure"
https://methpsychedelicstore.com/product/gabapentin-neurontin-nerve-pain-seizures/,"Buy Neurontin online, Best nerve pain medication, Order Gabapentin, Seizure treatment"
https://methpsychedelicstore.com/nerve-pain-seizures/,"Buy nerve pain treatment, Best seizure medications, Order Gabapentin, Pain relief for nerve disorders"
https://methpsychedelicstore.com/product/hydrocodone-vicodin-norco/,"Buy Vicodin online, Best opioid painkiller, Order Hydrocodone, Pain relief medication"
https://methpsychedelicstore.com/product/hydrocodone-acetaminophen-norco-vicodin-pain-relief/,"Buy Norco online, Best combination painkiller, Order Hydrocodone-Acetaminophen, Pain relief tablets"
https://methpsychedelicstore.com/product/levothyroxine-synthroid-hypothyroidism/,"Buy Synthroid online, Best medication for hypothyroidism, Order Levothyroxine, Thyroid treatment"
https://methpsychedelicstore.com/thyroid-disorders/,"Buy thyroid medication online, Best hypothyroidism treatment, Order Levothyroxine, Thyroid hormone replacement"
https://methpsychedelicstore.com/product/lorazepam-ativan/,"Buy Ativan online, Best benzodiazepine for anxiety, Order Lorazepam, Anti-anxiety medication"
https://methpsychedelicstore.com/product/lsd-blotter-tabs-100-tab/,"Buy LSD online, Best psychedelic drug, Order LSD blotter tabs, Psychedelic substances for sale"
https://methpsychedelicstore.com/club-drugs/,"Buy club drugs online, Best party drugs, Order MDMA, Ecstasy and other club drugs"
https://methpsychedelicstore.com/product/methamphetamine-desoxyn-in-illicit-forms/,"Buy Methamphetamine online, Order Desoxyn, Best methamphetamine, Illicit meth for sale"
https://methpsychedelicstore.com/product/methylphenidate-ritalin-concerta/,"Buy Ritalin online, Best ADHD medication, Order Methylphenidate, Concentration pills"
https://methpsychedelicstore.com/product/morphine-ms-contin-roxanol/,"Buy Morphine online, Best opioid for pain relief, Order MS Contin, Roxanol medication"
https://methpsychedelicstore.com/product/omeprazole-prilosec-gerd-acid-reflux/,"Buy Prilosec online, Best medication for acid reflux, Order Omeprazole, GERD treatment"
https://methpsychedelicstore.com/gerd-acid-reflux/,"Buy GERD medication online, Best treatment for acid reflux, Order Omeprazole, Antacid pills for GERD"
https://methpsychedelicstore.com/product/oxycodone-oxycontin-percocet/,"Buy OxyContin online, Best opioid for pain, Order Percocet, Oxycodone pain relief"
https://methpsychedelicstore.com/product/oxycodone-oxycontin-severe-pain/,"Buy OxyContin online, Order Oxycodone for pain, Best severe pain medication, Prescription Oxycodone"
https://methpsychedelicstore.com/product/pantoprazole-protonix-gerd/,"Buy Protonix online, Best treatment for GERD, Order Pantoprazole, GERD control medication"
https://methpsychedelicstore.com/product/phenobarbital-a-barbiturate/,"Buy Phenobarbital online, Best barbiturate medication, Order Phenobarbital, Seizure treatment"
https://methpsychedelicstore.com/product/phentermine/,"Buy Phentermine online, Best appetite suppressant, Order Phentermine for weight loss"
https://methpsychedelicstore.com/product/prednisone-inflammation-allergies/,"Buy Prednisone online, Best anti-inflammatory drug, Order Prednisone for allergies, Immune system treatment"
https://methpsychedelicstore.com/product/pregabalin-lyrica-nerve-pain/,"Buy Lyrica online, Best medication for nerve pain, Order Pregabalin, Seizure medication"
https://methpsychedelicstore.com/product/rosuvastatin-crestor-cholesterol/,"Buy Crestor online, Best cholesterol medication, Order Rosuvastatin, Statin for cholesterol control"
https://methpsychedelicstore.com/product/simvastatin-zocor-cholesterol/,"Buy Zocor online, Best cholesterol-lowering medication, Order Simvastatin, Statin for heart health"
https://methpsychedelicstore.com/product/tamsulosin-flomax-enlarged-prostate/,"Buy Flomax online, Best medication for prostate health, Order Tamsulosin, Enlarged prostate treatment"
https://methpsychedelicstore.com/prostate-urinary-health/,"Buy prostate medication online, Best treatment for urinary health, Order Tamsulosin, Prostate care"
https://methpsychedelicstore.com/product/temazepam-restoril/,"Buy Restoril online, Best sleep aid, Order Temazepam, Insomnia medication"
https://methpsychedelicstore.com/product/tramadol-ultram-moderate-pain/,"Buy Ultram online, Best moderate pain medication, Order Tramadol, Pain relief pills"
https://methpsychedelicstore.com/product/vyvanse-lisdexamfetamine/,"Buy Vyvanse online, Best ADHD medication, Order Lisdexamfetamine, Attention disorder treatment"
https://methpsychedelicstore.com/product/zolpidem-ambien/,"Buy Ambien online, Best sleeping pills, Order Zolpidem, Insomnia relief medication"