A,B
https://healthyhavenrx.com/product/apple-runtz-hybrid/,Buy Apple Runtz Hybrid
https://healthyhavenrx.com/product/blue-candy-gelato-hybrid/,Blue Candy Gelato – Hybrid
https://healthyhavenrx.com/product/gmo-cookies-indica/,GMO Cookies Indica
https://healthyhavenrx.com/product/mango-tango-indica/,Mango Tango Indica
https://healthyhavenrx.com/product/peanut-butter-rockstar-strain/,Peanut Butter Rockstar – Indica
https://healthyhavenrx.com/product/kombucha-hybrid/,Kombucha – Hybrid
https://healthyhavenrx.com/product/grape-ape-strain/,Grape Ape Strain
https://healthyhavenrx.com/product/black-diamond-indica/,Indica Black Diamond
https://healthyhavenrx.com/product/moon-rocks-thc/,Moon Rocks THC
https://healthyhavenrx.com/product/shatter-infused-pre-rolls/,Shatter Infused – Pre Rolls
https://healthyhavenrx.com/product/thca-diamond-infused-pre-rolls/,THCa Diamond Infused – Pre Rolls
https://healthyhavenrx.com/product/pre-rolls/,Pre Rolls
https://healthyhavenrx.com/product/koh-samui-magic-mushrooms/,Koh Samui Magic Mushrooms
https://healthyhavenrx.com/product/golden-teacher-magic-mushrooms/,Golden Teacher Magic Mushrooms
https://healthyhavenrx.com/product/code-blue-magic-mushrooms/,Code Blue Magic Mushrooms
https://healthyhavenrx.com/product/code-blue-magic-mushrooms-2/,Code Blue Magic Mushrooms
https://healthyhavenrx.com/product/mazatapec-magic-mushrooms/,Mazatapec Magic Mushrooms
https://healthyhavenrx.com/product/trinity-magic-mushrooms/,Trinity Magic Mushrooms
https://healthyhavenrx.com/product/penis-envy-dino-eggs-magic/,Penis Envy Dino Eggs Magic
https://healthyhavenrx.com/product/micro-brain-microdose-mushroom-capsules-2/,Micro Brain Microdose Mushroom Capsules
https://healthyhavenrx.com/product/micro-brain-microdose-mushroom-capsules/,Micro Brain Microdose Mushroom Capsules
https://healthyhavenrx.com/product/micro-calm-microdose-mushroom-capsules/,Micro Calm Microdose Mushroom Capsules
https://healthyhavenrx.com/product/micro-focus-microdose-mushroom-capsules/,Micro Focus Microdose Mushroom Capsules
https://healthyhavenrx.com/product/micro-love-microdose-mushroom-capsules/,Micro Love Microdose Mushroom Capsules
https://healthyhavenrx.com/product/micro-sleep-microdose-mushroom-capsules/,Micro Sleep Microdose Mushroom Capsules
https://healthyhavenrx.com/product/scooby-snacks-microdose-mushroom-capsules/,Scooby Snacks Microdose Mushroom Capsules
https://healthyhavenrx.com/product/mazar-i-sharif-hash/,Mazar-I-Sharif Hash
https://healthyhavenrx.com/product/rockstar-hash/,Rockstar Hash
https://healthyhavenrx.com/product/afghan-hash/,Afghan Hash
https://healthyhavenrx.com/product/red-lebanese-hash/,Red Lebanese Hash
https://healthyhavenrx.com/product/blueberry-hash/,Blueberry Hash
https://healthyhavenrx.com/product/cookies-cream-shatter/,Cookies & Cream Shatter
https://healthyhavenrx.com/product/full-spectrum-cbd-tincture-oil/,Full Spectrum CBD – Tincture Oil
https://healthyhavenrx.com/product/grammed-out-rosin/,GRAMMED OUT ROSIN
https://healthyhavenrx.com/product/budget-cali-rosin/,Budget Cali Rosin
https://healthyhavenrx.com/product/licensed-1-25g-designer-cake-dispo/,Licensed 1.25g designer cake dispo
https://healthyhavenrx.com/product/licensed-rebel-spirit-prerolls/,Licensed rebel spirit prerolls
https://healthyhavenrx.com/product/authentic-raw-garden-1g-refined-lr-carts/,Authentic Raw garden 1g refined LR carts
https://healthyhavenrx.com/product/authentic-turn-1g-dispo/,Authentic turn 1g dispo
https://healthyhavenrx.com/product/promethazin-cough-syrup/,promethazine cough syrup
https://healthyhavenrx.com/product/tornado-vape-7000-strawberry-banana/,Tornado Vape 7000 – Strawberry Banana
https://healthyhavenrx.com/product/tornado-vape-7000-blue-razz-cherry/,Tornado Vape 7000 – Blue Razz Cherry
https://healthyhavenrx.com/product/tornado-vape-7000-mixed-berries/,Tornado Vape 7000 – Mixed Berries
https://healthyhavenrx.com/product/randm-tornado-7000-pineapple-ice/,RandM Tornado 7000 – Pineapple Ice
https://healthyhavenrx.com/product/randm-tornado-7000-mango-on-ice/,RandM Tornado 7000 – Mango on ice
https://healthyhavenrx.com/product/randm-tornado-7000-strawberry-grape/,RandM Tornado 7000 –Strawberry Grape
https://healthyhavenrx.com/product/randm-tornado-7000-lush-ice/,RandM Tornado 7000 – Lush Ice
https://healthyhavenrx.com/product/randm-tornado-7000-cotton-candy/,RandM Tornado 7000 – Cotton Candy
https://healthyhavenrx.com/product/randm-tornado-7000-watermelon/,RandM Tornado 7000 – Watermelon
https://healthyhavenrx.com/product/randm-tornado-7000-peach-ice/,RandM Tornado 7000 – Peach Ice
https://healthyhavenrx.com/product/randm-tornado-7000-lychee-ice/,RandM Tornado 7000 – Lychee Ice
https://healthyhavenrx.com/product/randm-tornado-7000-kiwi-passionfruit-guava/,RandM Tornado 7000 – Kiwi Passionfruit Guava
https://healthyhavenrx.com/product/randm-tornado-7000-blueberry/,RandM Tornado 7000 – Blueberry
https://healthyhavenrx.com/product/randm-tornado-7000-red-bull-ice/,RandM Tornado 7000 – Red Bull Ice
https://healthyhavenrx.com/product/randm-tornado-7000-cool-mint/,RandM Tornado 7000 – Cool Mint
https://healthyhavenrx.com/product/randm-tornado-7000-banana-ice/,RandM Tornado 7000 – Banana Ice
https://healthyhavenrx.com/product/randm-tornado-7000-lemon-lime/,RandM Tornado 7000 – Lemon Lime
https://healthyhavenrx.com/product/randm-tornado-7000-green-apple/,RandM Tornado 7000 – Green Apple
https://healthyhavenrx.com/product/randm-tornado-7000-tropical-fruits/,RandM Tornado 7000 – Tropical Fruits
https://healthyhavenrx.com/product/randm-tornado-7000-energy-drink/,RandM Tornado 7000 – Energy Drink
https://healthyhavenrx.com/product/cake-delta-8-birthday-cake/,Cake Delta 8 – Birthday Cake
https://healthyhavenrx.com/product/cake-delta-8-cereal-milk/,Cake Delta 8 – Cereal Milk
https://healthyhavenrx.com/product/cake-delta-8-gelato/,Cake Delta 8 – Gelato
https://healthyhavenrx.com/product/cake-delta-8-blue-dream/,Cake Delta 8 – Blue Dream
https://healthyhavenrx.com/product/cake-delta-8-pineapple-express/,Cake Delta 8 – Pineapple Express
https://healthyhavenrx.com/product/cake-delta-8-purple-punch/,Cake Delta 8 – Purple Punch
https://healthyhavenrx.com/product/cake-delta-8-strawberry-cough/,Cake Delta 8 – Strawberry Cough
https://healthyhavenrx.com/product/cake-delta-8-mango-kush/,Cake Delta 8 – Mango Kush
https://healthyhavenrx.com/product/cake-delta-8-gsc/,Cake Delta 8 – GSC
https://healthyhavenrx.com/product/cake-delta-8-wedding-cake/,Cake Delta 8 – Wedding Cake
https://healthyhavenrx.com/product/cake-delta-8-northern-lights/,Cake Delta 8 – Northern Lights
https://healthyhavenrx.com/product/cake-delta-8-strawberry-sour-diesel/,Cake Delta 8 – Strawberry Sour Diesel
https://healthyhavenrx.com/product/cake-delta-8-banana-runtz/,Cake Delta 8 – Banana Runtz
https://healthyhavenrx.com/product/cake-delta-8-green-crack/,Cake Delta 8 – Green Crack
https://healthyhavenrx.com/product/cake-delta-8-sunset-sherbet/,Cake Delta 8 – Sunset Sherbet
https://healthyhavenrx.com/product/cake-delta-8-apple-fritter/,Cake Delta 8 – Apple Fritter
https://healthyhavenrx.com/product/cake-delta-8-banana-runtz-2/,Cake Delta 8 – Banana Runtz
https://healthyhavenrx.com/product/cake-delta-8-cherry-pie/,Cake Delta 8 – Cherry Pie
https://healthyhavenrx.com/product/cake-delta-8-bubblegum-kush/,Cake Delta 8 – Bubblegum Kush
https://healthyhavenrx.com/product/cake-delta-8-lemon-haze/,Cake Delta 8 – Lemon Haze
https://healthyhavenrx.com/product/blue-dream-strain/,Blue Dream Strain
https://healthyhavenrx.com/product/girl-scout-cookies-strain/,Girl Scout Cookies Strain
https://healthyhavenrx.com/product/og-kush-strain/,OG Kush Strain
https://healthyhavenrx.com/product/sour-diesel-strain/,Sour Diesel Strain
https://healthyhavenrx.com/product/granddaddy-purple-strain/,Granddaddy Purple Strain
https://healthyhavenrx.com/product/pineapple-express-strain/,Pineapple Express Strain
https://healthyhavenrx.com/product/wedding-cake-strain/,Wedding Cake Strain
https://healthyhavenrx.com/product/gorilla-glue-strain/,Gorilla Glue Strain
https://healthyhavenrx.com/product/white-widow-strain/,White Widow Strain
https://healthyhavenrx.com/product/jack-herer-strain/,Jack Herer Strain
https://healthyhavenrx.com/product/durban-poison-strain/,Durban Poison Strain
https://healthyhavenrx.com/product/purple-haze-strain/,Purple Haze Strain
https://healthyhavenrx.com/product/super-lemon-haze/,Super Lemon Haze
https://healthyhavenrx.com/product/northern-lights-strain/,Northern Lights strain
https://healthyhavenrx.com/product/super-silver-haze-strain/,Super Silver Haze Strain
https://healthyhavenrx.com/product/ak-47-cannabis-strain/,AK-47 Cannabis Strain
https://healthyhavenrx.com/product/zkittlez-strains/,Zkittlez Strains
https://healthyhavenrx.com/product/bubba-kush-strains/,Bubba Kush Strains
https://healthyhavenrx.com/product/runtz-strains/,Runtz strains
https://healthyhavenrx.com/product/mimosa-cannabis-strain/,Mimosa Cannabis Strain
https://healthyhavenrx.com/product/cherry-pie-strain/,Cherry Pie Strain
https://healthyhavenrx.com/product/sunset-sherbet-strain/,Sunset Sherbet Strain
https://healthyhavenrx.com/product/blueberry-strain-thc/,blueberry strain thc
https://healthyhavenrx.com/product/green-crack-strain/,Green Crack strain
https://healthyhavenrx.com/product/forbidden-fruit-cannabis/,Forbidden Fruit cannabis
https://healthyhavenrx.com/product/apple-fritter-strain-thc/,Apple Fritter Strain THC Percentage and Vape Insights
https://healthyhavenrx.com/product/biscotti-strains/,Biscotti Strains
https://healthyhavenrx.com/product/amnesia-haze-strain/,Amnesia Haze Strain
https://healthyhavenrx.com/product/strawberry-cough-strain/,Strawberry Cough Strain
https://healthyhavenrx.com/product/elf-bar-5000-watermelon-ice/,Elf Bar 5000 – Watermelon Ice
https://healthyhavenrx.com/product/elf-bar-5000-blue-razz-ice/,Elf Bar 5000 – Blue Razz Ice
https://healthyhavenrx.com/product/elf-bar-5000-strawberry-kiwi/,Elf Bar 5000 – Strawberry Kiwi
https://healthyhavenrx.com/product/elf-bar-5000-mango-peach/,Elf Bar 5000 – Mango Peach
https://healthyhavenrx.com/product/elf-bar-5000-pineapple-coconut-ice/,Elf Bar 5000 – Pineapple Coconut Ice
https://healthyhavenrx.com/product/elf-bar-5000-rainbow-candy/,Elf Bar 5000 – Rainbow Candy
https://healthyhavenrx.com/product/elf-bar-5000-peach-mango-guava/,Elf Bar 5000 – Peach Mango Guava
https://healthyhavenrx.com/product/elf-bar-5000-cotton-candy-ice/,Elf Bar 5000 – Cotton Candy Ice
https://healthyhavenrx.com/product/elf-bar-5000-tropical-rainbow-blast/,Elf Bar 5000 – Tropical Rainbow Blast
https://healthyhavenrx.com/product/elf-bar-5000-grape-energy/,Elf Bar 5000 – Grape Energy
https://healthyhavenrx.com/product/elf-bar-5000-lychee-ice/,Elf Bar 5000 – Lychee Ice
https://healthyhavenrx.com/product/elf-bar-5000-strawberry-banana/,Elf Bar 5000 – Strawberry Banana
https://healthyhavenrx.com/product/elf-bar-5000-cranberry-grape/,Elf Bar 5000 – Cranberry Grape
https://healthyhavenrx.com/product/elf-bar-5000-kiwi-passion-fruit/,Elf Bar 5000 – Kiwi Passion Fruit
https://healthyhavenrx.com/product/elf-bar-5000-cola/,Elf Bar 5000 – Cola
https://healthyhavenrx.com/product/elf-bar-5000-lemon-mint/,Elf Bar 5000 – Lemon Mint
https://healthyhavenrx.com/product/elf-bar-5000-peach-ice/,Elf Bar 5000 – Peach Ice
https://healthyhavenrx.com/product/elf-bar-5000-sour-apple/,Elf Bar 5000 – Sour Apple
https://healthyhavenrx.com/product/elf-bar-5000-blueberry-ice/,Elf Bar 5000 – Blueberry Ice
https://healthyhavenrx.com/product/geek-bar-s600-mango-ice/,Geek Bar S600 – Mango Ice
https://healthyhavenrx.com/product/geek-bar-s600-blueberry-bubblegum/,Geek Bar S600 – Blueberry Bubblegum
https://healthyhavenrx.com/product/geek-bar-s600-watermelon-strawberry/,Geek Bar S600 – Watermelon Strawberry
https://healthyhavenrx.com/product/geek-bar-s600-grape-ice/,Geek Bar S600 – Grape Ice
https://healthyhavenrx.com/product/geek-bar-s600-lychee-ice/,Geek Bar S600 – Lychee Ice
https://healthyhavenrx.com/product/geek-bar-s600-cool-mint/,Geek Bar S600 – Cool Mint
https://healthyhavenrx.com/product/geek-bar-s600-energy-ice/,Geek Bar S600 – Energy Ice
https://healthyhavenrx.com/product/geek-bar-s600-lemon-tart/,Geek Bar S600 – Lemon Tart
https://healthyhavenrx.com/product/geek-bar-s600-apple-peach/,Geek Bar S600 – Apple Peach
https://healthyhavenrx.com/product/geek-bar-s600-kiwi-passion-fruit-guava/,Geek Bar S600 – Kiwi Passion Fruit Guava
https://healthyhavenrx.com/product/geek-bar-s600-cola-ice/,Geek Bar S600 – Cola Ice
https://healthyhavenrx.com/product/geek-bar-s600-tropical-mix/,Geek Bar S600 – Tropical Mix
https://healthyhavenrx.com/product/geek-bar-s600-strawberry-ice-cream/,Geek Bar S600 – Strawberry Ice Cream
https://healthyhavenrx.com/product/geek-bar-s600-pineapple-coconut/,Geek Bar S600 – Pineapple Coconut
https://healthyhavenrx.com/product/geek-bar-s600-banana-ice/,Geek Bar S600 – Banana Ice
https://healthyhavenrx.com/product/geek-bar-s600-blackcurrant-menthol/,Geek Bar S600–Blackcurrant Menthol
https://healthyhavenrx.com/product/geek-bar-s600-strawberry-lemonade/,Geek Bar S600 – Strawberry Lemonade
https://healthyhavenrx.com/product/geek-bar-s600-raspberry-orange/,Geek Bar S600 – Raspberry Orange
https://healthyhavenrx.com/product/geek-bar-s600-pomegranate-ice/,Geek Bar S600 – Pomegranate Ice
https://healthyhavenrx.com/product/geek-bar-s600-sour-berries/,Geek Bar S600 – Sour Berries
https://healthyhavenrx.com/product/cannastra-hhc/,Cannastra HHC Ice Rock 30% | Cali Weed 420
https://healthyhavenrx.com/product/pp-live-hash-rosin-1g-stuntz/,P&P Live Hash Rosin 1g – Stuntz
https://healthyhavenrx.com/product/gabriel-limited-hash-rosin-1g-moroccan-peaches/,GABRIEL Limited Hash Rosin 1g – Moroccan Peaches
https://healthyhavenrx.com/product/ice-queen-hash-rosin-1g-happy-daze/,Ice Queen Hash Rosin 1g – Happy Daze
https://healthyhavenrx.com/product/gabriel-classic-hash-rosin-1g-sunny-g/,GABRIEL Classic Hash Rosin 1g – Sunny G
https://healthyhavenrx.com/product/gabriel-limited-hash-rosin-1g-the-woah/,GABRIEL Limited Hash Rosin 1g – The Woah
https://healthyhavenrx.com/product/ice-queen-hash-rosin-1g-bella-kush/,Ice Queen Hash Rosin 1g – Bella Kush
https://healthyhavenrx.com/product/rt-hash-rosin-1g-sweet-strawberries/,RT Hash Rosin 1g – Sweet Strawberries
https://healthyhavenrx.com/product/gabriel-classic-hash-rosin-1g-winter-sunset/,GABRIEL Classic Hash Rosin 1g – Winter Sunset
https://healthyhavenrx.com/product/ice-queen-hash-rosin-1g-purple-haze/,Ice Queen Hash Rosin 1g – Purple Haze
https://healthyhavenrx.com/product/pp-live-hash-rosin-1g-blueberry-diesel/,P&P Live Hash Rosin 1g – Blueberry Diesel
https://healthyhavenrx.com/product/pp-live-hash-rosin-1g-gelato-punch/,P&P Live Hash Rosin 1g – Gelato Punch
https://healthyhavenrx.com/product/pp-live-hash-rosin-1g-garlic-cocktail/,P&P Live Hash Rosin 1g – Garlic Cocktail
https://healthyhavenrx.com/product/pp-live-hash-rosin-1g-rainbow-belts/,P&P Live Hash Rosin 1g – Rainbow Belts
https://healthyhavenrx.com/product/ice-queen-hash-rosin-1g-mac2d2/,Ice Queen Hash Rosin 1g – MAC2D2
https://healthyhavenrx.com/product/kush-mints-fugu-hash-rosin-1g/,Kush Mints Fugu Hash Rosin | 1g
https://healthyhavenrx.com/product/dank-dank-method-hash-rosin-1g-honey-banana/,Dank Dank Method Hash Rosin 1g – Honey Banana
https://healthyhavenrx.com/product/dank-deal-method-hash-rosin-1g-lemon-maraschino/,Dank Deal – Method Hash Rosin 1g – Lemon Maraschino
https://healthyhavenrx.com/product/dank-deal-method-hash-rosin-1g-moroccan-peaches/,Dank Deal – Method Hash Rosin 1g – Moroccan Peaches
https://healthyhavenrx.com/product/dank-deal-method-hash-rosin-1g-tropicana-cookies/,Dank Deal – Method Hash Rosin 1g – Tropicana Cookies
https://healthyhavenrx.com/product/dank-deal-method-hash-rosin-1g-pudget-power-plant/,Dank Deal – Method Hash Rosin 1g – Pudget Power Plant
https://healthyhavenrx.com/product/lemon-tea-hashish/,Lemon Tea Hashish
https://healthyhavenrx.com/product/mochi-cookies-hashish/,Mochi Cookies Hashish
https://healthyhavenrx.com/product/exotic-hashish-bundle-pack/,Exotic Hashish Bundle Pack
https://healthyhavenrx.com/product/runtz-hashish/,Runtz Hashish
https://healthyhavenrx.com/product/london-pound-cake-hashish/,London Pound Cake Hashish
https://healthyhavenrx.com/product/pluto-hashish/,Pluto Hashish
https://healthyhavenrx.com/product/banana-split-hashish/,Banana Split Hashish
https://healthyhavenrx.com/product/northern-lights-hashish/,Northern Lights Hashish
https://healthyhavenrx.com/product/fatso-bubble-hashish/,Fatso Bubble Hashish
https://healthyhavenrx.com/product/hazmat-hashish/,Hazmat Hashish
https://healthyhavenrx.com/product/golden-lemon-hashish/,Golden Lemon Hashish
https://healthyhavenrx.com/product/kashmir-hashish/,Kashmir Hashish
https://healthyhavenrx.com/product/mac-herer-hashish/,Mac Herer Hashish
https://healthyhavenrx.com/product/frozen-margarita-hashish/,Frozen Margarita Hashish
https://healthyhavenrx.com/product/la-bomba-hashish/,La Bomba Hashish
https://healthyhavenrx.com/product/alaskan-thunderfuck-hashish/,Alaskan Thunderfuck Hashish
https://healthyhavenrx.com/product/pan-dulce-hashish/,Pan Dulce Hashish
https://healthyhavenrx.com/product/sour-brulee-pre-roll-17-4-total-cannabinoids/,Sour Brûlée Pre-Roll • 17.4% Total Cannabinoids
https://healthyhavenrx.com/product/pineapple-kush-pre-roll/,Pineapple Kush Pre-Roll • 20.1% Total Cannabinoids
https://healthyhavenrx.com/product/velox-pre-roll-5-pack/,Velox Pre-Roll 5-Pack (4gr) • 19.6% Total Cannabinoids
https://healthyhavenrx.com/product/sour-pineapple-pre-roll-5-pack/,Sour Pineapple Pre-Roll 5-Pack (4gr) • 18.7% Total Cannabinoids
https://healthyhavenrx.com/product/sour-brulee-pre-roll-5-pack/,Sour Brûlée Pre-Roll 5-Pack (4gr) • 17.4% Total Cannabinoids
https://healthyhavenrx.com/product/velox-pre-roll-19-6-total-cannabinoids/,Velox Pre-Roll • 19.6% Total Cannabinoids
https://healthyhavenrx.com/product/sour-rna-pre-roll-5-pack-4gr-greenhouse-14-8-total-cannabinoids/,Sour RNA Pre-Roll 5-Pack (4gr) • Greenhouse • 14.8% Total Cannabinoids
https://healthyhavenrx.com/product/sour-rna-pre-roll-greenhouse-14-8-total-cannabinoids/,Sour RNA Pre-Roll • Greenhouse • 14.8% Total Cannabinoids
https://healthyhavenrx.com/product/canna-hawking-pre-roll-15-1-total-cannabinoids/,Canna Hawking Pre-Roll • 15.1% Total Cannabinoids
https://healthyhavenrx.com/product/canna-hawking-pre-roll-5pack-4gr-15-1-total-cannabinoids/,Canna Hawking Pre-Roll 5-pack (4gr) • 15.1% Total Cannabinoids
https://healthyhavenrx.com/product/bluebird-pre-roll-17-total-cannabinoids/,Bluebird Pre-Roll 17% Total Cannabinoids
https://healthyhavenrx.com/product/bluebird-pre-roll-5-pack-4gr-17-total-cannabinoids/,Bluebird Pre-Roll 5-Pack (4gr) • 17% Total Cannabinoids
https://healthyhavenrx.com/product/sour-pineapple-pre-roll-18-7-total-cannabinoids/,Sour Pineapple Pre-Roll • 18.7% Total Cannabinoids
https://healthyhavenrx.com/product/seaside-special-pre-roll-21-total-cannabinoids/,Seaside Special Pre-Roll • 21% Total Cannabinoids
https://healthyhavenrx.com/product/pinewalker-pre-roll-5-pack-4gr-17-9-total-cannabinoids/,Pinewalker Pre-Roll 5-Pack (4gr) • 17.9% Total Cannabinoids
https://healthyhavenrx.com/product/strawberry-jam-pre-roll-5-pack-4gr-22-9-total-cannabinoids/,Strawberry Jam Pre-Roll 5-Pack (4gr) • 22.9% Total Cannabinoids
https://healthyhavenrx.com/product/pinewalker-pre-roll-17-9-total-cannabinoids/,Pinewalker Pre-Roll 17.9% Total Cannabinoids
https://healthyhavenrx.com/product/tropical-tempest-pre-roll-5pack/,Tropical Tempest Pre-Roll 5pack (4gr) • 20.3% Total Cannabinoids
https://healthyhavenrx.com/product/tropical-tempest-pre-roll/,Tropical Tempest Pre-Roll 20.3% Total Cannabinoids
https://healthyhavenrx.com/product/velox-rolling-papers-king-size-w-crutches/,Velox Rolling Papers King Size w/ Crutches
https://healthyhavenrx.com/product/wesleys-wish-pre-roll/,Wesley’s Wish Pre-Roll 14.2 Total Cannabinoids
https://healthyhavenrx.com/product/blue-orchid-pre-roll-5-pack-4gr-15-total-cannabinoids/,Blue Orchid Pre-Roll 5-Pack (4gr) • 15% Total Cannabinoids
https://healthyhavenrx.com/product/wesleys-wish-pre-roll-5-pack-4gr-14-2-total-cannabinoids/,Wesley’s Wish Pre-Roll 5-Pack (4gr) • 14.2 Total Cannabinoids
https://healthyhavenrx.com/product/seaside-special-pre-roll-5-pack-4gr-21-total-cannabinoids/,Seaside Special Pre-Roll 5-Pack (4gr) 21% Total Cannabinoids
https://healthyhavenrx.com/product/pineapple-kush-pre-roll-5-pack-4gr-20-1-total-cannabinoids/,Pineapple Kush Pre-Roll 5-Pack (4gr) • 20.1% Total Cannabinoids
https://healthyhavenrx.com/product/guava-jam-pre-roll-5-pack-4gr-20-8-total-cannabinoids/,Guava Jam Pre-Roll 5-Pack (4gr) • 20.8% Total Cannabinoids
https://healthyhavenrx.com/product/cherry-abacus-pre-roll-18-9-total-cannabinoids/,Cherry Abacus Pre-Roll • 18.9% Total Cannabinoids
https://healthyhavenrx.com/product/blazy-susan-unbleached-rolling-papers-1-1-4in/,Blazy Susan Unbleached Rolling Papers • 1 1/4in
https://healthyhavenrx.com/product/cherry-abacus-pre-roll-5-pack-4gr-18-9-total-cannabinoids/,Cherry Abacus Pre-Roll 5-Pack (4gr) • 18.9% Total Cannabinoids
https://healthyhavenrx.com/product/guava-jam-pre-roll-20-1-total-cannabinoids/,Guava Jam Pre-Roll • 20.1% Total Cannabinoids
https://healthyhavenrx.com/product/blue-orchid-pre-roll-15/,Blue Orchid Pre-Roll 15% Total Cannabinoids
https://healthyhavenrx.com/product/canna-harley-pre-roll-2/,Canna Harley Pre-Roll 19.8% Total Cannabinoids
https://healthyhavenrx.com/product/royal-grapes-pre-roll/,Royal Grapes Pre-Roll 16.8% Total Cannabinoids
https://healthyhavenrx.com/product/royal-grapes-pre-roll-5-pack/,Royal Grapes Pre-Roll 5-Pack (4gr) 16.8% Total Cannabinoids
https://healthyhavenrx.com/product/white-cbg-pre-roll-5-pack/,White CBG Pre-Roll 5-Pack (4gr) • 14.5% Total Cannabinoids
https://healthyhavenrx.com/product/canna-harley-pre-roll/,Canna Harley Pre-Roll 5pack (4gr) • 19.8% Total Cannabinoids
https://healthyhavenrx.com/product/shredems-sour-blue-razzberry-soft-chews/,SHRED’EMS Sour Blue Razzberry Soft Chews
https://healthyhavenrx.com/product/shred-wild-berry-blaze-soft-chews/,SHRED Wild Berry Blaze Soft Chews
https://healthyhavenrx.com/product/shredems-sour-megamelon-soft-chews/,SHRED’EMS Sour Megamelon Soft Chews
https://healthyhavenrx.com/product/shred-sour-cherry-punch-soft-chews/,SHRED Sour Cherry Punch Soft Chews
https://healthyhavenrx.com/product/pearls-by-gron-blue-razzleberry/,Pearls by grön Blue Razzleberry 3:1 CBG:THCSoft Chews
https://healthyhavenrx.com/product/monjour-orchard-medley-sugar-free-cbd-assorted-soft-chews/,Monjour Orchard Medley Sugar-free CBD Assorted Soft Chews
https://healthyhavenrx.com/product/lord-jones-salted-caramel-crunch-11-thccbd-chocolates-4/,Lord Jones Salted Caramel Crunch 1:1 THC|CBD Chocolates
https://healthyhavenrx.com/product/monjour-me-time-mango-cbd-soft-chews/,Monjour Me-Time Mango CBD Soft Chews
https://healthyhavenrx.com/product/pearls-by-gron-blue-razzleberry-31-cbgthcsoft-chews-2/,Pearls by grön Blue Razzleberry 3:1 CBG:THCSoft Chews
https://healthyhavenrx.com/product/back-forty-rocketberry/,Back Forty Rocketberry Kush 510 Vape Cartridge
https://healthyhavenrx.com/product/monjour-berry-good-day-assortment-soft-chews/,Monjour Berry Good Day Assortment Soft Chews
https://healthyhavenrx.com/product/big-petes-treats-chocolate-chip-cookie/,Big Pete’s Treats Chocolate Chip Cookie
https://healthyhavenrx.com/product/ness-mint-sour/,Ness Mint Sour
https://healthyhavenrx.com/product/censored-edibles-blue-raspberry-penis-soft-chews/,Censored Edibles Blue Raspberry Penis Soft Chews
https://healthyhavenrx.com/product/olli-chocolate-brownie/,Olli Chocolate Brownie
https://healthyhavenrx.com/product/shred-x-blueberry-blaster-rip-strips-hash/,SHRED X Blueberry Blaster Rip-Strips Hash
https://healthyhavenrx.com/product/shred-x-tropic-thunder/,SHRED X Tropic Thunder Heavies Infused Pre-Roll
https://healthyhavenrx.com/product/boxhot-exotic-guava-stardawg-510-vape-cartridge/,BOXHOT Exotic Guava Stardawg 510 Vape Cartridge
https://healthyhavenrx.com/product/ness-chocolate-cheesecake/,Ness Chocolate Cheesecake
https://healthyhavenrx.com/product/retro-mother-of-berries-full-spectrum/,Retro Mother of Berries Full Spectrum Honey Oil 510 Vape Cartridge
https://healthyhavenrx.com/product/boxhot-exotic-guava-stardawg-510-vape-cartridge-2/,BOXHOT Exotic Guava Stardawg 510 Vape Cartridge
https://healthyhavenrx.com/product/tremblant-hashish/,Tremblant Hashish
https://healthyhavenrx.com/product/retro-ghost-train-haze-full/,Retro Ghost Train Haze Full Spectrum Cherry Oil 510 Vape Cartridge
https://healthyhavenrx.com/product/ness-chocolate-cheesecake-2/,Ness Chocolate Cheesecake
https://healthyhavenrx.com/product/shred-x-tropic-thunder-rip-strips-hash/,SHRED X Tropic Thunder Rip-Strips Hash
https://healthyhavenrx.com/product/bold-starfruit-burst-diamond-infused-pre-roll/,BOLD Starfruit Burst Diamond Infused Pre-Roll
https://healthyhavenrx.com/product/ness-chocolate-cheesecake-3/,Ness Chocolate Cheesecake
https://healthyhavenrx.com/product/weed-me-diamond-district-indica-infused-pre-roll/,Weed Me Diamond District Indica Infused Pre-Roll
https://healthyhavenrx.com/product/good-supply-sweet-berry-kush/,Good Supply Sweet Berry Kush
https://healthyhavenrx.com/product/endgame-tiger/,Endgame Tiger CK x KK Mints Shatter
https://healthyhavenrx.com/product/shred-x-blueberry-blaster-heavies-infused-pre-roll/,SHRED X Blueberry Blaster Heavies Infused Pre-Roll
https://healthyhavenrx.com/product/shred-x-gnarberry-heavies-infused-pre-roll/,SHRED X Gnarberry Heavies Infused Pre-Roll
https://healthyhavenrx.com/product/good-supply-sweet-berry-kush-2/,Good Supply Sweet Berry Kush
https://healthyhavenrx.com/product/weed-me-diamond-district-indica-infused-pre-roll-2/,Weed Me Diamond District Indica Infused Pre-Roll
https://healthyhavenrx.com/product/delta-9-growers-reserve/,Delta 9 Growers Reserve
https://healthyhavenrx.com/product/el-blunto-cullinan-diamond-infused/,El Blunto Cullinan Diamond Infused Pre-Roll
https://healthyhavenrx.com/product/adults-only-cheeky/,Adults Only Cheeky Cherry NSFW Liquid Diamond Dispenser
https://healthyhavenrx.com/product/roilty-2-pack/,Roilty 2 Pack: Pink Princess & Roil Lemon Haze Shatter
https://healthyhavenrx.com/product/booty-sativa/,Booty Sativa
https://healthyhavenrx.com/cake-delta-8/,Cake Delta 8
https://healthyhavenrx.com/cannabis/,Cannabis
https://healthyhavenrx.com/cannabis-concentrates/,Cannabis Concentrates
https://healthyhavenrx.com/cannabis-edibles/,cannabis edibles
https://healthyhavenrx.com/elf-bars/,Elf Bars
https://healthyhavenrx.com/geek-bar/,Geek Bar S600
https://healthyhavenrx.com/hashish/,hashish
https://healthyhavenrx.com/magic-mushrooms/,Magic Mushrooms
https://healthyhavenrx.com/microdose-capsules/,Microdose Capsules
https://healthyhavenrx.com/pre-rolls/,Pre-rolls
https://healthyhavenrx.com/randm-tornado/,RandM Tornado