Keyword,SEO Link
Buy Apple Runtz Hybrid,"<a href=""https://healthyhavenrx.com/product/apple-runtz-hybrid/"" rel=""dofollow"">Buy Apple Runtz Hybrid</a>"
Blue Candy Gelato – Hybrid,"<a href=""https://healthyhavenrx.com/product/blue-candy-gelato-hybrid/"" rel=""dofollow"">Blue Candy Gelato – Hybrid</a>"
GMO Cookies Indica,"<a href=""https://healthyhavenrx.com/product/gmo-cookies-indica/"" rel=""dofollow"">GMO Cookies Indica</a>"
Mango Tango Indica,"<a href=""https://healthyhavenrx.com/product/mango-tango-indica/"" rel=""dofollow"">Mango Tango Indica</a>"
Peanut Butter Rockstar – Indica,"<a href=""https://healthyhavenrx.com/product/peanut-butter-rockstar-strain/"" rel=""dofollow"">Peanut Butter Rockstar – Indica</a>"
Kombucha – Hybrid,"<a href=""https://healthyhavenrx.com/product/kombucha-hybrid/"" rel=""dofollow"">Kombucha – Hybrid</a>"
Grape Ape Strain,"<a href=""https://healthyhavenrx.com/product/grape-ape-strain/"" rel=""dofollow"">Grape Ape Strain</a>"
Indica Black Diamond,"<a href=""https://healthyhavenrx.com/product/black-diamond-indica/"" rel=""dofollow"">Indica Black Diamond</a>"
Moon Rocks THC,"<a href=""https://healthyhavenrx.com/product/moon-rocks-thc/"" rel=""dofollow"">Moon Rocks THC</a>"
Shatter Infused – Pre Rolls,"<a href=""https://healthyhavenrx.com/product/shatter-infused-pre-rolls/"" rel=""dofollow"">Shatter Infused – Pre Rolls</a>"
THCa Diamond Infused – Pre Rolls,"<a href=""https://healthyhavenrx.com/product/thca-diamond-infused-pre-rolls/"" rel=""dofollow"">THCa Diamond Infused – Pre Rolls</a>"
Pre Rolls,"<a href=""https://healthyhavenrx.com/product/pre-rolls/"" rel=""dofollow"">Pre Rolls</a>"
Koh Samui Magic Mushrooms,"<a href=""https://healthyhavenrx.com/product/koh-samui-magic-mushrooms/"" rel=""dofollow"">Koh Samui Magic Mushrooms</a>"
Golden Teacher Magic Mushrooms,"<a href=""https://healthyhavenrx.com/product/golden-teacher-magic-mushrooms/"" rel=""dofollow"">Golden Teacher Magic Mushrooms</a>"
Code Blue Magic Mushrooms,"<a href=""https://healthyhavenrx.com/product/code-blue-magic-mushrooms/"" rel=""dofollow"">Code Blue Magic Mushrooms</a>"
Code Blue Magic Mushrooms,"<a href=""https://healthyhavenrx.com/product/code-blue-magic-mushrooms-2/"" rel=""dofollow"">Code Blue Magic Mushrooms</a>"
Mazatapec Magic Mushrooms,"<a href=""https://healthyhavenrx.com/product/mazatapec-magic-mushrooms/"" rel=""dofollow"">Mazatapec Magic Mushrooms</a>"
Trinity Magic Mushrooms,"<a href=""https://healthyhavenrx.com/product/trinity-magic-mushrooms/"" rel=""dofollow"">Trinity Magic Mushrooms</a>"
Penis Envy Dino Eggs Magic,"<a href=""https://healthyhavenrx.com/product/penis-envy-dino-eggs-magic/"" rel=""dofollow"">Penis Envy Dino Eggs Magic</a>"
Micro Brain Microdose Mushroom Capsules,"<a href=""https://healthyhavenrx.com/product/micro-brain-microdose-mushroom-capsules-2/"" rel=""dofollow"">Micro Brain Microdose Mushroom Capsules</a>"
Micro Brain Microdose Mushroom Capsules,"<a href=""https://healthyhavenrx.com/product/micro-brain-microdose-mushroom-capsules/"" rel=""dofollow"">Micro Brain Microdose Mushroom Capsules</a>"
Micro Calm Microdose Mushroom Capsules,"<a href=""https://healthyhavenrx.com/product/micro-calm-microdose-mushroom-capsules/"" rel=""dofollow"">Micro Calm Microdose Mushroom Capsules</a>"
Micro Focus Microdose Mushroom Capsules,"<a href=""https://healthyhavenrx.com/product/micro-focus-microdose-mushroom-capsules/"" rel=""dofollow"">Micro Focus Microdose Mushroom Capsules</a>"
Micro Love Microdose Mushroom Capsules,"<a href=""https://healthyhavenrx.com/product/micro-love-microdose-mushroom-capsules/"" rel=""dofollow"">Micro Love Microdose Mushroom Capsules</a>"
Micro Sleep Microdose Mushroom Capsules,"<a href=""https://healthyhavenrx.com/product/micro-sleep-microdose-mushroom-capsules/"" rel=""dofollow"">Micro Sleep Microdose Mushroom Capsules</a>"
Scooby Snacks Microdose Mushroom Capsules,"<a href=""https://healthyhavenrx.com/product/scooby-snacks-microdose-mushroom-capsules/"" rel=""dofollow"">Scooby Snacks Microdose Mushroom Capsules</a>"
Mazar-I-Sharif Hash,"<a href=""https://healthyhavenrx.com/product/mazar-i-sharif-hash/"" rel=""dofollow"">Mazar-I-Sharif Hash</a>"
Rockstar Hash,"<a href=""https://healthyhavenrx.com/product/rockstar-hash/"" rel=""dofollow"">Rockstar Hash</a>"
Afghan Hash,"<a href=""https://healthyhavenrx.com/product/afghan-hash/"" rel=""dofollow"">Afghan Hash</a>"
Red Lebanese Hash,"<a href=""https://healthyhavenrx.com/product/red-lebanese-hash/"" rel=""dofollow"">Red Lebanese Hash</a>"
Blueberry Hash,"<a href=""https://healthyhavenrx.com/product/blueberry-hash/"" rel=""dofollow"">Blueberry Hash</a>"
Cookies & Cream Shatter,"<a href=""https://healthyhavenrx.com/product/cookies-cream-shatter/"" rel=""dofollow"">Cookies & Cream Shatter</a>"
Full Spectrum CBD – Tincture Oil,"<a href=""https://healthyhavenrx.com/product/full-spectrum-cbd-tincture-oil/"" rel=""dofollow"">Full Spectrum CBD – Tincture Oil</a>"
GRAMMED OUT ROSIN,"<a href=""https://healthyhavenrx.com/product/grammed-out-rosin/"" rel=""dofollow"">GRAMMED OUT ROSIN</a>"
Budget Cali Rosin,"<a href=""https://healthyhavenrx.com/product/budget-cali-rosin/"" rel=""dofollow"">Budget Cali Rosin</a>"
Licensed 1.25g designer cake dispo,"<a href=""https://healthyhavenrx.com/product/licensed-1-25g-designer-cake-dispo/"" rel=""dofollow"">Licensed 1.25g designer cake dispo</a>"
Licensed rebel spirit prerolls,"<a href=""https://healthyhavenrx.com/product/licensed-rebel-spirit-prerolls/"" rel=""dofollow"">Licensed rebel spirit prerolls</a>"
Authentic Raw garden 1g refined LR carts,"<a href=""https://healthyhavenrx.com/product/authentic-raw-garden-1g-refined-lr-carts/"" rel=""dofollow"">Authentic Raw garden 1g refined LR carts</a>"
Authentic turn 1g dispo,"<a href=""https://healthyhavenrx.com/product/authentic-turn-1g-dispo/"" rel=""dofollow"">Authentic turn 1g dispo</a>"
promethazine cough syrup,"<a href=""https://healthyhavenrx.com/product/promethazin-cough-syrup/"" rel=""dofollow"">promethazine cough syrup</a>"
Tornado Vape 7000 – Strawberry Banana,"<a href=""https://healthyhavenrx.com/product/tornado-vape-7000-strawberry-banana/"" rel=""dofollow"">Tornado Vape 7000 – Strawberry Banana</a>"
Tornado Vape 7000 – Blue Razz Cherry,"<a href=""https://healthyhavenrx.com/product/tornado-vape-7000-blue-razz-cherry/"" rel=""dofollow"">Tornado Vape 7000 – Blue Razz Cherry</a>"
Tornado Vape 7000 – Mixed Berries,"<a href=""https://healthyhavenrx.com/product/tornado-vape-7000-mixed-berries/"" rel=""dofollow"">Tornado Vape 7000 – Mixed Berries</a>"
RandM Tornado 7000 – Pineapple Ice,"<a href=""https://healthyhavenrx.com/product/randm-tornado-7000-pineapple-ice/"" rel=""dofollow"">RandM Tornado 7000 – Pineapple Ice</a>"
RandM Tornado 7000 – Mango on ice,"<a href=""https://healthyhavenrx.com/product/randm-tornado-7000-mango-on-ice/"" rel=""dofollow"">RandM Tornado 7000 – Mango on ice</a>"
RandM Tornado 7000 –Strawberry Grape,"<a href=""https://healthyhavenrx.com/product/randm-tornado-7000-strawberry-grape/"" rel=""dofollow"">RandM Tornado 7000 –Strawberry Grape</a>"
RandM Tornado 7000 – Lush Ice,"<a href=""https://healthyhavenrx.com/product/randm-tornado-7000-lush-ice/"" rel=""dofollow"">RandM Tornado 7000 – Lush Ice</a>"
RandM Tornado 7000 – Cotton Candy,"<a href=""https://healthyhavenrx.com/product/randm-tornado-7000-cotton-candy/"" rel=""dofollow"">RandM Tornado 7000 – Cotton Candy</a>"
RandM Tornado 7000 – Watermelon,"<a href=""https://healthyhavenrx.com/product/randm-tornado-7000-watermelon/"" rel=""dofollow"">RandM Tornado 7000 – Watermelon</a>"
RandM Tornado 7000 – Peach Ice,"<a href=""https://healthyhavenrx.com/product/randm-tornado-7000-peach-ice/"" rel=""dofollow"">RandM Tornado 7000 – Peach Ice</a>"
RandM Tornado 7000 – Lychee Ice,"<a href=""https://healthyhavenrx.com/product/randm-tornado-7000-lychee-ice/"" rel=""dofollow"">RandM Tornado 7000 – Lychee Ice</a>"
RandM Tornado 7000 – Kiwi Passionfruit Guava,"<a href=""https://healthyhavenrx.com/product/randm-tornado-7000-kiwi-passionfruit-guava/"" rel=""dofollow"">RandM Tornado 7000 – Kiwi Passionfruit Guava</a>"
RandM Tornado 7000 – Blueberry,"<a href=""https://healthyhavenrx.com/product/randm-tornado-7000-blueberry/"" rel=""dofollow"">RandM Tornado 7000 – Blueberry</a>"
RandM Tornado 7000 – Red Bull Ice,"<a href=""https://healthyhavenrx.com/product/randm-tornado-7000-red-bull-ice/"" rel=""dofollow"">RandM Tornado 7000 – Red Bull Ice</a>"
RandM Tornado 7000 – Cool Mint,"<a href=""https://healthyhavenrx.com/product/randm-tornado-7000-cool-mint/"" rel=""dofollow"">RandM Tornado 7000 – Cool Mint</a>"
RandM Tornado 7000 – Banana Ice,"<a href=""https://healthyhavenrx.com/product/randm-tornado-7000-banana-ice/"" rel=""dofollow"">RandM Tornado 7000 – Banana Ice</a>"
RandM Tornado 7000 – Lemon Lime,"<a href=""https://healthyhavenrx.com/product/randm-tornado-7000-lemon-lime/"" rel=""dofollow"">RandM Tornado 7000 – Lemon Lime</a>"
RandM Tornado 7000 – Green Apple,"<a href=""https://healthyhavenrx.com/product/randm-tornado-7000-green-apple/"" rel=""dofollow"">RandM Tornado 7000 – Green Apple</a>"
RandM Tornado 7000 – Tropical Fruits,"<a href=""https://healthyhavenrx.com/product/randm-tornado-7000-tropical-fruits/"" rel=""dofollow"">RandM Tornado 7000 – Tropical Fruits</a>"
RandM Tornado 7000 – Energy Drink,"<a href=""https://healthyhavenrx.com/product/randm-tornado-7000-energy-drink/"" rel=""dofollow"">RandM Tornado 7000 – Energy Drink</a>"
Cake Delta 8 – Birthday Cake,"<a href=""https://healthyhavenrx.com/product/cake-delta-8-birthday-cake/"" rel=""dofollow"">Cake Delta 8 – Birthday Cake</a>"
Cake Delta 8 – Cereal Milk,"<a href=""https://healthyhavenrx.com/product/cake-delta-8-cereal-milk/"" rel=""dofollow"">Cake Delta 8 – Cereal Milk</a>"
Cake Delta 8 – Gelato,"<a href=""https://healthyhavenrx.com/product/cake-delta-8-gelato/"" rel=""dofollow"">Cake Delta 8 – Gelato</a>"
Cake Delta 8 – Blue Dream,"<a href=""https://healthyhavenrx.com/product/cake-delta-8-blue-dream/"" rel=""dofollow"">Cake Delta 8 – Blue Dream</a>"
Cake Delta 8 – Pineapple Express,"<a href=""https://healthyhavenrx.com/product/cake-delta-8-pineapple-express/"" rel=""dofollow"">Cake Delta 8 – Pineapple Express</a>"
Cake Delta 8 – Purple Punch,"<a href=""https://healthyhavenrx.com/product/cake-delta-8-purple-punch/"" rel=""dofollow"">Cake Delta 8 – Purple Punch</a>"
Cake Delta 8 – Strawberry Cough,"<a href=""https://healthyhavenrx.com/product/cake-delta-8-strawberry-cough/"" rel=""dofollow"">Cake Delta 8 – Strawberry Cough</a>"
Cake Delta 8 – Mango Kush,"<a href=""https://healthyhavenrx.com/product/cake-delta-8-mango-kush/"" rel=""dofollow"">Cake Delta 8 – Mango Kush</a>"
Cake Delta 8 – GSC,"<a href=""https://healthyhavenrx.com/product/cake-delta-8-gsc/"" rel=""dofollow"">Cake Delta 8 – GSC</a>"
Cake Delta 8 – Wedding Cake,"<a href=""https://healthyhavenrx.com/product/cake-delta-8-wedding-cake/"" rel=""dofollow"">Cake Delta 8 – Wedding Cake</a>"
Cake Delta 8 – Northern Lights,"<a href=""https://healthyhavenrx.com/product/cake-delta-8-northern-lights/"" rel=""dofollow"">Cake Delta 8 – Northern Lights</a>"
Cake Delta 8 – Strawberry Sour Diesel,"<a href=""https://healthyhavenrx.com/product/cake-delta-8-strawberry-sour-diesel/"" rel=""dofollow"">Cake Delta 8 – Strawberry Sour Diesel</a>"
Cake Delta 8 – Banana Runtz,"<a href=""https://healthyhavenrx.com/product/cake-delta-8-banana-runtz/"" rel=""dofollow"">Cake Delta 8 – Banana Runtz</a>"
Cake Delta 8 – Green Crack,"<a href=""https://healthyhavenrx.com/product/cake-delta-8-green-crack/"" rel=""dofollow"">Cake Delta 8 – Green Crack</a>"
Cake Delta 8 – Sunset Sherbet,"<a href=""https://healthyhavenrx.com/product/cake-delta-8-sunset-sherbet/"" rel=""dofollow"">Cake Delta 8 – Sunset Sherbet</a>"
Cake Delta 8 – Apple Fritter,"<a href=""https://healthyhavenrx.com/product/cake-delta-8-apple-fritter/"" rel=""dofollow"">Cake Delta 8 – Apple Fritter</a>"
Cake Delta 8 – Banana Runtz,"<a href=""https://healthyhavenrx.com/product/cake-delta-8-banana-runtz-2/"" rel=""dofollow"">Cake Delta 8 – Banana Runtz</a>"
Cake Delta 8 – Cherry Pie,"<a href=""https://healthyhavenrx.com/product/cake-delta-8-cherry-pie/"" rel=""dofollow"">Cake Delta 8 – Cherry Pie</a>"
Cake Delta 8 – Bubblegum Kush,"<a href=""https://healthyhavenrx.com/product/cake-delta-8-bubblegum-kush/"" rel=""dofollow"">Cake Delta 8 – Bubblegum Kush</a>"
Cake Delta 8 – Lemon Haze,"<a href=""https://healthyhavenrx.com/product/cake-delta-8-lemon-haze/"" rel=""dofollow"">Cake Delta 8 – Lemon Haze</a>"
Blue Dream Strain,"<a href=""https://healthyhavenrx.com/product/blue-dream-strain/"" rel=""dofollow"">Blue Dream Strain</a>"
Girl Scout Cookies Strain,"<a href=""https://healthyhavenrx.com/product/girl-scout-cookies-strain/"" rel=""dofollow"">Girl Scout Cookies Strain</a>"
OG Kush Strain,"<a href=""https://healthyhavenrx.com/product/og-kush-strain/"" rel=""dofollow"">OG Kush Strain</a>"
Sour Diesel Strain,"<a href=""https://healthyhavenrx.com/product/sour-diesel-strain/"" rel=""dofollow"">Sour Diesel Strain</a>"
Granddaddy Purple Strain,"<a href=""https://healthyhavenrx.com/product/granddaddy-purple-strain/"" rel=""dofollow"">Granddaddy Purple Strain</a>"
Pineapple Express Strain,"<a href=""https://healthyhavenrx.com/product/pineapple-express-strain/"" rel=""dofollow"">Pineapple Express Strain</a>"
Wedding Cake Strain,"<a href=""https://healthyhavenrx.com/product/wedding-cake-strain/"" rel=""dofollow"">Wedding Cake Strain</a>"
Gorilla Glue Strain,"<a href=""https://healthyhavenrx.com/product/gorilla-glue-strain/"" rel=""dofollow"">Gorilla Glue Strain</a>"
White Widow Strain,"<a href=""https://healthyhavenrx.com/product/white-widow-strain/"" rel=""dofollow"">White Widow Strain</a>"
Jack Herer Strain,"<a href=""https://healthyhavenrx.com/product/jack-herer-strain/"" rel=""dofollow"">Jack Herer Strain</a>"
Durban Poison Strain,"<a href=""https://healthyhavenrx.com/product/durban-poison-strain/"" rel=""dofollow"">Durban Poison Strain</a>"
Purple Haze Strain,"<a href=""https://healthyhavenrx.com/product/purple-haze-strain/"" rel=""dofollow"">Purple Haze Strain</a>"
Super Lemon Haze,"<a href=""https://healthyhavenrx.com/product/super-lemon-haze/"" rel=""dofollow"">Super Lemon Haze</a>"
Northern Lights strain,"<a href=""https://healthyhavenrx.com/product/northern-lights-strain/"" rel=""dofollow"">Northern Lights strain</a>"
Super Silver Haze Strain,"<a href=""https://healthyhavenrx.com/product/super-silver-haze-strain/"" rel=""dofollow"">Super Silver Haze Strain</a>"
AK-47 Cannabis Strain,"<a href=""https://healthyhavenrx.com/product/ak-47-cannabis-strain/"" rel=""dofollow"">AK-47 Cannabis Strain</a>"
Zkittlez Strains,"<a href=""https://healthyhavenrx.com/product/zkittlez-strains/"" rel=""dofollow"">Zkittlez Strains</a>"
Bubba Kush Strains,"<a href=""https://healthyhavenrx.com/product/bubba-kush-strains/"" rel=""dofollow"">Bubba Kush Strains</a>"
Runtz strains,"<a href=""https://healthyhavenrx.com/product/runtz-strains/"" rel=""dofollow"">Runtz strains</a>"
Mimosa Cannabis Strain,"<a href=""https://healthyhavenrx.com/product/mimosa-cannabis-strain/"" rel=""dofollow"">Mimosa Cannabis Strain</a>"
Cherry Pie Strain,"<a href=""https://healthyhavenrx.com/product/cherry-pie-strain/"" rel=""dofollow"">Cherry Pie Strain</a>"
Sunset Sherbet Strain,"<a href=""https://healthyhavenrx.com/product/sunset-sherbet-strain/"" rel=""dofollow"">Sunset Sherbet Strain</a>"
blueberry strain thc,"<a href=""https://healthyhavenrx.com/product/blueberry-strain-thc/"" rel=""dofollow"">blueberry strain thc</a>"
Green Crack strain,"<a href=""https://healthyhavenrx.com/product/green-crack-strain/"" rel=""dofollow"">Green Crack strain</a>"
Forbidden Fruit cannabis,"<a href=""https://healthyhavenrx.com/product/forbidden-fruit-cannabis/"" rel=""dofollow"">Forbidden Fruit cannabis</a>"
Apple Fritter Strain THC Percentage and Vape Insights,"<a href=""https://healthyhavenrx.com/product/apple-fritter-strain-thc/"" rel=""dofollow"">Apple Fritter Strain THC Percentage and Vape Insights</a>"
Biscotti Strains,"<a href=""https://healthyhavenrx.com/product/biscotti-strains/"" rel=""dofollow"">Biscotti Strains</a>"
Amnesia Haze Strain,"<a href=""https://healthyhavenrx.com/product/amnesia-haze-strain/"" rel=""dofollow"">Amnesia Haze Strain</a>"
Strawberry Cough Strain,"<a href=""https://healthyhavenrx.com/product/strawberry-cough-strain/"" rel=""dofollow"">Strawberry Cough Strain</a>"
Elf Bar 5000 – Watermelon Ice,"<a href=""https://healthyhavenrx.com/product/elf-bar-5000-watermelon-ice/"" rel=""dofollow"">Elf Bar 5000 – Watermelon Ice</a>"
Elf Bar 5000 – Blue Razz Ice,"<a href=""https://healthyhavenrx.com/product/elf-bar-5000-blue-razz-ice/"" rel=""dofollow"">Elf Bar 5000 – Blue Razz Ice</a>"
Elf Bar 5000 – Strawberry Kiwi,"<a href=""https://healthyhavenrx.com/product/elf-bar-5000-strawberry-kiwi/"" rel=""dofollow"">Elf Bar 5000 – Strawberry Kiwi</a>"
Elf Bar 5000 – Mango Peach,"<a href=""https://healthyhavenrx.com/product/elf-bar-5000-mango-peach/"" rel=""dofollow"">Elf Bar 5000 – Mango Peach</a>"
Elf Bar 5000 – Pineapple Coconut Ice,"<a href=""https://healthyhavenrx.com/product/elf-bar-5000-pineapple-coconut-ice/"" rel=""dofollow"">Elf Bar 5000 – Pineapple Coconut Ice</a>"
Elf Bar 5000 – Rainbow Candy,"<a href=""https://healthyhavenrx.com/product/elf-bar-5000-rainbow-candy/"" rel=""dofollow"">Elf Bar 5000 – Rainbow Candy</a>"
Elf Bar 5000 – Peach Mango Guava,"<a href=""https://healthyhavenrx.com/product/elf-bar-5000-peach-mango-guava/"" rel=""dofollow"">Elf Bar 5000 – Peach Mango Guava</a>"
Elf Bar 5000 – Cotton Candy Ice,"<a href=""https://healthyhavenrx.com/product/elf-bar-5000-cotton-candy-ice/"" rel=""dofollow"">Elf Bar 5000 – Cotton Candy Ice</a>"
Elf Bar 5000 – Tropical Rainbow Blast,"<a href=""https://healthyhavenrx.com/product/elf-bar-5000-tropical-rainbow-blast/"" rel=""dofollow"">Elf Bar 5000 – Tropical Rainbow Blast</a>"
Elf Bar 5000 – Grape Energy,"<a href=""https://healthyhavenrx.com/product/elf-bar-5000-grape-energy/"" rel=""dofollow"">Elf Bar 5000 – Grape Energy</a>"
Elf Bar 5000 – Lychee Ice,"<a href=""https://healthyhavenrx.com/product/elf-bar-5000-lychee-ice/"" rel=""dofollow"">Elf Bar 5000 – Lychee Ice</a>"
Elf Bar 5000 – Strawberry Banana,"<a href=""https://healthyhavenrx.com/product/elf-bar-5000-strawberry-banana/"" rel=""dofollow"">Elf Bar 5000 – Strawberry Banana</a>"
Elf Bar 5000 – Cranberry Grape,"<a href=""https://healthyhavenrx.com/product/elf-bar-5000-cranberry-grape/"" rel=""dofollow"">Elf Bar 5000 – Cranberry Grape</a>"
Elf Bar 5000 – Kiwi Passion Fruit,"<a href=""https://healthyhavenrx.com/product/elf-bar-5000-kiwi-passion-fruit/"" rel=""dofollow"">Elf Bar 5000 – Kiwi Passion Fruit</a>"
Elf Bar 5000 – Cola,"<a href=""https://healthyhavenrx.com/product/elf-bar-5000-cola/"" rel=""dofollow"">Elf Bar 5000 – Cola</a>"
Elf Bar 5000 – Lemon Mint,"<a href=""https://healthyhavenrx.com/product/elf-bar-5000-lemon-mint/"" rel=""dofollow"">Elf Bar 5000 – Lemon Mint</a>"
Elf Bar 5000 – Peach Ice,"<a href=""https://healthyhavenrx.com/product/elf-bar-5000-peach-ice/"" rel=""dofollow"">Elf Bar 5000 – Peach Ice</a>"
Elf Bar 5000 – Sour Apple,"<a href=""https://healthyhavenrx.com/product/elf-bar-5000-sour-apple/"" rel=""dofollow"">Elf Bar 5000 – Sour Apple</a>"
Elf Bar 5000 – Blueberry Ice,"<a href=""https://healthyhavenrx.com/product/elf-bar-5000-blueberry-ice/"" rel=""dofollow"">Elf Bar 5000 – Blueberry Ice</a>"
Geek Bar S600 – Mango Ice,"<a href=""https://healthyhavenrx.com/product/geek-bar-s600-mango-ice/"" rel=""dofollow"">Geek Bar S600 – Mango Ice</a>"
Geek Bar S600 – Blueberry Bubblegum,"<a href=""https://healthyhavenrx.com/product/geek-bar-s600-blueberry-bubblegum/"" rel=""dofollow"">Geek Bar S600 – Blueberry Bubblegum</a>"
Geek Bar S600 – Watermelon Strawberry,"<a href=""https://healthyhavenrx.com/product/geek-bar-s600-watermelon-strawberry/"" rel=""dofollow"">Geek Bar S600 – Watermelon Strawberry</a>"
Geek Bar S600 – Grape Ice,"<a href=""https://healthyhavenrx.com/product/geek-bar-s600-grape-ice/"" rel=""dofollow"">Geek Bar S600 – Grape Ice</a>"
Geek Bar S600 – Lychee Ice,"<a href=""https://healthyhavenrx.com/product/geek-bar-s600-lychee-ice/"" rel=""dofollow"">Geek Bar S600 – Lychee Ice</a>"
Geek Bar S600 – Cool Mint,"<a href=""https://healthyhavenrx.com/product/geek-bar-s600-cool-mint/"" rel=""dofollow"">Geek Bar S600 – Cool Mint</a>"
Geek Bar S600 – Energy Ice,"<a href=""https://healthyhavenrx.com/product/geek-bar-s600-energy-ice/"" rel=""dofollow"">Geek Bar S600 – Energy Ice</a>"
Geek Bar S600 – Lemon Tart,"<a href=""https://healthyhavenrx.com/product/geek-bar-s600-lemon-tart/"" rel=""dofollow"">Geek Bar S600 – Lemon Tart</a>"
Geek Bar S600 – Apple Peach,"<a href=""https://healthyhavenrx.com/product/geek-bar-s600-apple-peach/"" rel=""dofollow"">Geek Bar S600 – Apple Peach</a>"
Geek Bar S600 – Kiwi Passion Fruit Guava,"<a href=""https://healthyhavenrx.com/product/geek-bar-s600-kiwi-passion-fruit-guava/"" rel=""dofollow"">Geek Bar S600 – Kiwi Passion Fruit Guava</a>"
Geek Bar S600 – Cola Ice,"<a href=""https://healthyhavenrx.com/product/geek-bar-s600-cola-ice/"" rel=""dofollow"">Geek Bar S600 – Cola Ice</a>"
Geek Bar S600 – Tropical Mix,"<a href=""https://healthyhavenrx.com/product/geek-bar-s600-tropical-mix/"" rel=""dofollow"">Geek Bar S600 – Tropical Mix</a>"
Geek Bar S600 – Strawberry Ice Cream,"<a href=""https://healthyhavenrx.com/product/geek-bar-s600-strawberry-ice-cream/"" rel=""dofollow"">Geek Bar S600 – Strawberry Ice Cream</a>"
Geek Bar S600 – Pineapple Coconut,"<a href=""https://healthyhavenrx.com/product/geek-bar-s600-pineapple-coconut/"" rel=""dofollow"">Geek Bar S600 – Pineapple Coconut</a>"
Geek Bar S600 – Banana Ice,"<a href=""https://healthyhavenrx.com/product/geek-bar-s600-banana-ice/"" rel=""dofollow"">Geek Bar S600 – Banana Ice</a>"
Geek Bar S600–Blackcurrant Menthol,"<a href=""https://healthyhavenrx.com/product/geek-bar-s600-blackcurrant-menthol/"" rel=""dofollow"">Geek Bar S600–Blackcurrant Menthol</a>"
Geek Bar S600 – Strawberry Lemonade,"<a href=""https://healthyhavenrx.com/product/geek-bar-s600-strawberry-lemonade/"" rel=""dofollow"">Geek Bar S600 – Strawberry Lemonade</a>"
Geek Bar S600 – Raspberry Orange,"<a href=""https://healthyhavenrx.com/product/geek-bar-s600-raspberry-orange/"" rel=""dofollow"">Geek Bar S600 – Raspberry Orange</a>"
Geek Bar S600 – Pomegranate Ice,"<a href=""https://healthyhavenrx.com/product/geek-bar-s600-pomegranate-ice/"" rel=""dofollow"">Geek Bar S600 – Pomegranate Ice</a>"
Geek Bar S600 – Sour Berries,"<a href=""https://healthyhavenrx.com/product/geek-bar-s600-sour-berries/"" rel=""dofollow"">Geek Bar S600 – Sour Berries</a>"
Cannastra HHC Ice Rock 30% | Cali Weed 420,"<a href=""https://healthyhavenrx.com/product/cannastra-hhc/"" rel=""dofollow"">Cannastra HHC Ice Rock 30% | Cali Weed 420</a>"
P&P Live Hash Rosin 1g – Stuntz,"<a href=""https://healthyhavenrx.com/product/pp-live-hash-rosin-1g-stuntz/"" rel=""dofollow"">P&P Live Hash Rosin 1g – Stuntz</a>"
GABRIEL Limited Hash Rosin 1g – Moroccan Peaches,"<a href=""https://healthyhavenrx.com/product/gabriel-limited-hash-rosin-1g-moroccan-peaches/"" rel=""dofollow"">GABRIEL Limited Hash Rosin 1g – Moroccan Peaches</a>"
Ice Queen Hash Rosin 1g – Happy Daze,"<a href=""https://healthyhavenrx.com/product/ice-queen-hash-rosin-1g-happy-daze/"" rel=""dofollow"">Ice Queen Hash Rosin 1g – Happy Daze</a>"
GABRIEL Classic Hash Rosin 1g – Sunny G,"<a href=""https://healthyhavenrx.com/product/gabriel-classic-hash-rosin-1g-sunny-g/"" rel=""dofollow"">GABRIEL Classic Hash Rosin 1g – Sunny G</a>"
GABRIEL Limited Hash Rosin 1g – The Woah,"<a href=""https://healthyhavenrx.com/product/gabriel-limited-hash-rosin-1g-the-woah/"" rel=""dofollow"">GABRIEL Limited Hash Rosin 1g – The Woah</a>"
Ice Queen Hash Rosin 1g – Bella Kush,"<a href=""https://healthyhavenrx.com/product/ice-queen-hash-rosin-1g-bella-kush/"" rel=""dofollow"">Ice Queen Hash Rosin 1g – Bella Kush</a>"
RT Hash Rosin 1g – Sweet Strawberries,"<a href=""https://healthyhavenrx.com/product/rt-hash-rosin-1g-sweet-strawberries/"" rel=""dofollow"">RT Hash Rosin 1g – Sweet Strawberries</a>"
GABRIEL Classic Hash Rosin 1g – Winter Sunset,"<a href=""https://healthyhavenrx.com/product/gabriel-classic-hash-rosin-1g-winter-sunset/"" rel=""dofollow"">GABRIEL Classic Hash Rosin 1g – Winter Sunset</a>"
Ice Queen Hash Rosin 1g – Purple Haze,"<a href=""https://healthyhavenrx.com/product/ice-queen-hash-rosin-1g-purple-haze/"" rel=""dofollow"">Ice Queen Hash Rosin 1g – Purple Haze</a>"
P&P Live Hash Rosin 1g – Blueberry Diesel,"<a href=""https://healthyhavenrx.com/product/pp-live-hash-rosin-1g-blueberry-diesel/"" rel=""dofollow"">P&P Live Hash Rosin 1g – Blueberry Diesel</a>"
P&P Live Hash Rosin 1g – Gelato Punch,"<a href=""https://healthyhavenrx.com/product/pp-live-hash-rosin-1g-gelato-punch/"" rel=""dofollow"">P&P Live Hash Rosin 1g – Gelato Punch</a>"
P&P Live Hash Rosin 1g – Garlic Cocktail,"<a href=""https://healthyhavenrx.com/product/pp-live-hash-rosin-1g-garlic-cocktail/"" rel=""dofollow"">P&P Live Hash Rosin 1g – Garlic Cocktail</a>"
P&P Live Hash Rosin 1g – Rainbow Belts,"<a href=""https://healthyhavenrx.com/product/pp-live-hash-rosin-1g-rainbow-belts/"" rel=""dofollow"">P&P Live Hash Rosin 1g – Rainbow Belts</a>"
Ice Queen Hash Rosin 1g – MAC2D2,"<a href=""https://healthyhavenrx.com/product/ice-queen-hash-rosin-1g-mac2d2/"" rel=""dofollow"">Ice Queen Hash Rosin 1g – MAC2D2</a>"
Kush Mints Fugu Hash Rosin | 1g,"<a href=""https://healthyhavenrx.com/product/kush-mints-fugu-hash-rosin-1g/"" rel=""dofollow"">Kush Mints Fugu Hash Rosin | 1g</a>"
Dank Dank Method Hash Rosin 1g – Honey Banana,"<a href=""https://healthyhavenrx.com/product/dank-dank-method-hash-rosin-1g-honey-banana/"" rel=""dofollow"">Dank Dank Method Hash Rosin 1g – Honey Banana</a>"
Dank Deal – Method Hash Rosin 1g – Lemon Maraschino,"<a href=""https://healthyhavenrx.com/product/dank-deal-method-hash-rosin-1g-lemon-maraschino/"" rel=""dofollow"">Dank Deal – Method Hash Rosin 1g – Lemon Maraschino</a>"
Dank Deal – Method Hash Rosin 1g – Moroccan Peaches,"<a href=""https://healthyhavenrx.com/product/dank-deal-method-hash-rosin-1g-moroccan-peaches/"" rel=""dofollow"">Dank Deal – Method Hash Rosin 1g – Moroccan Peaches</a>"
Dank Deal – Method Hash Rosin 1g – Tropicana Cookies,"<a href=""https://healthyhavenrx.com/product/dank-deal-method-hash-rosin-1g-tropicana-cookies/"" rel=""dofollow"">Dank Deal – Method Hash Rosin 1g – Tropicana Cookies</a>"
Dank Deal – Method Hash Rosin 1g – Pudget Power Plant,"<a href=""https://healthyhavenrx.com/product/dank-deal-method-hash-rosin-1g-pudget-power-plant/"" rel=""dofollow"">Dank Deal – Method Hash Rosin 1g – Pudget Power Plant</a>"
Lemon Tea Hashish,"<a href=""https://healthyhavenrx.com/product/lemon-tea-hashish/"" rel=""dofollow"">Lemon Tea Hashish</a>"
Mochi Cookies Hashish,"<a href=""https://healthyhavenrx.com/product/mochi-cookies-hashish/"" rel=""dofollow"">Mochi Cookies Hashish</a>"
Exotic Hashish Bundle Pack,"<a href=""https://healthyhavenrx.com/product/exotic-hashish-bundle-pack/"" rel=""dofollow"">Exotic Hashish Bundle Pack</a>"
Runtz Hashish,"<a href=""https://healthyhavenrx.com/product/runtz-hashish/"" rel=""dofollow"">Runtz Hashish</a>"
London Pound Cake Hashish,"<a href=""https://healthyhavenrx.com/product/london-pound-cake-hashish/"" rel=""dofollow"">London Pound Cake Hashish</a>"
Pluto Hashish,"<a href=""https://healthyhavenrx.com/product/pluto-hashish/"" rel=""dofollow"">Pluto Hashish</a>"
Banana Split Hashish,"<a href=""https://healthyhavenrx.com/product/banana-split-hashish/"" rel=""dofollow"">Banana Split Hashish</a>"
Northern Lights Hashish,"<a href=""https://healthyhavenrx.com/product/northern-lights-hashish/"" rel=""dofollow"">Northern Lights Hashish</a>"
Fatso Bubble Hashish,"<a href=""https://healthyhavenrx.com/product/fatso-bubble-hashish/"" rel=""dofollow"">Fatso Bubble Hashish</a>"
Hazmat Hashish,"<a href=""https://healthyhavenrx.com/product/hazmat-hashish/"" rel=""dofollow"">Hazmat Hashish</a>"
Golden Lemon Hashish,"<a href=""https://healthyhavenrx.com/product/golden-lemon-hashish/"" rel=""dofollow"">Golden Lemon Hashish</a>"
Kashmir Hashish,"<a href=""https://healthyhavenrx.com/product/kashmir-hashish/"" rel=""dofollow"">Kashmir Hashish</a>"
Mac Herer Hashish,"<a href=""https://healthyhavenrx.com/product/mac-herer-hashish/"" rel=""dofollow"">Mac Herer Hashish</a>"
Frozen Margarita Hashish,"<a href=""https://healthyhavenrx.com/product/frozen-margarita-hashish/"" rel=""dofollow"">Frozen Margarita Hashish</a>"
La Bomba Hashish,"<a href=""https://healthyhavenrx.com/product/la-bomba-hashish/"" rel=""dofollow"">La Bomba Hashish</a>"
Alaskan Thunderfuck Hashish,"<a href=""https://healthyhavenrx.com/product/alaskan-thunderfuck-hashish/"" rel=""dofollow"">Alaskan Thunderfuck Hashish</a>"
Pan Dulce Hashish,"<a href=""https://healthyhavenrx.com/product/pan-dulce-hashish/"" rel=""dofollow"">Pan Dulce Hashish</a>"
Sour Brûlée Pre-Roll • 17.4% Total Cannabinoids,"<a href=""https://healthyhavenrx.com/product/sour-brulee-pre-roll-17-4-total-cannabinoids/"" rel=""dofollow"">Sour Brûlée Pre-Roll • 17.4% Total Cannabinoids</a>"
Pineapple Kush Pre-Roll • 20.1% Total Cannabinoids,"<a href=""https://healthyhavenrx.com/product/pineapple-kush-pre-roll/"" rel=""dofollow"">Pineapple Kush Pre-Roll • 20.1% Total Cannabinoids</a>"
Velox Pre-Roll 5-Pack (4gr) • 19.6% Total Cannabinoids,"<a href=""https://healthyhavenrx.com/product/velox-pre-roll-5-pack/"" rel=""dofollow"">Velox Pre-Roll 5-Pack (4gr) • 19.6% Total Cannabinoids</a>"
Sour Pineapple Pre-Roll 5-Pack (4gr) • 18.7% Total Cannabinoids,"<a href=""https://healthyhavenrx.com/product/sour-pineapple-pre-roll-5-pack/"" rel=""dofollow"">Sour Pineapple Pre-Roll 5-Pack (4gr) • 18.7% Total Cannabinoids</a>"
Sour Brûlée Pre-Roll 5-Pack (4gr) • 17.4% Total Cannabinoids,"<a href=""https://healthyhavenrx.com/product/sour-brulee-pre-roll-5-pack/"" rel=""dofollow"">Sour Brûlée Pre-Roll 5-Pack (4gr) • 17.4% Total Cannabinoids</a>"
Velox Pre-Roll • 19.6% Total Cannabinoids,"<a href=""https://healthyhavenrx.com/product/velox-pre-roll-19-6-total-cannabinoids/"" rel=""dofollow"">Velox Pre-Roll • 19.6% Total Cannabinoids</a>"
Sour RNA Pre-Roll 5-Pack (4gr) • Greenhouse • 14.8% Total Cannabinoids,"<a href=""https://healthyhavenrx.com/product/sour-rna-pre-roll-5-pack-4gr-greenhouse-14-8-total-cannabinoids/"" rel=""dofollow"">Sour RNA Pre-Roll 5-Pack (4gr) • Greenhouse • 14.8% Total Cannabinoids</a>"
Sour RNA Pre-Roll • Greenhouse • 14.8% Total Cannabinoids,"<a href=""https://healthyhavenrx.com/product/sour-rna-pre-roll-greenhouse-14-8-total-cannabinoids/"" rel=""dofollow"">Sour RNA Pre-Roll • Greenhouse • 14.8% Total Cannabinoids</a>"
Canna Hawking Pre-Roll • 15.1% Total Cannabinoids,"<a href=""https://healthyhavenrx.com/product/canna-hawking-pre-roll-15-1-total-cannabinoids/"" rel=""dofollow"">Canna Hawking Pre-Roll • 15.1% Total Cannabinoids</a>"
Canna Hawking Pre-Roll 5-pack (4gr) • 15.1% Total Cannabinoids,"<a href=""https://healthyhavenrx.com/product/canna-hawking-pre-roll-5pack-4gr-15-1-total-cannabinoids/"" rel=""dofollow"">Canna Hawking Pre-Roll 5-pack (4gr) • 15.1% Total Cannabinoids</a>"
Bluebird Pre-Roll 17% Total Cannabinoids,"<a href=""https://healthyhavenrx.com/product/bluebird-pre-roll-17-total-cannabinoids/"" rel=""dofollow"">Bluebird Pre-Roll 17% Total Cannabinoids</a>"
Bluebird Pre-Roll 5-Pack (4gr) • 17% Total Cannabinoids,"<a href=""https://healthyhavenrx.com/product/bluebird-pre-roll-5-pack-4gr-17-total-cannabinoids/"" rel=""dofollow"">Bluebird Pre-Roll 5-Pack (4gr) • 17% Total Cannabinoids</a>"
Sour Pineapple Pre-Roll • 18.7% Total Cannabinoids,"<a href=""https://healthyhavenrx.com/product/sour-pineapple-pre-roll-18-7-total-cannabinoids/"" rel=""dofollow"">Sour Pineapple Pre-Roll • 18.7% Total Cannabinoids</a>"
Seaside Special Pre-Roll • 21% Total Cannabinoids,"<a href=""https://healthyhavenrx.com/product/seaside-special-pre-roll-21-total-cannabinoids/"" rel=""dofollow"">Seaside Special Pre-Roll • 21% Total Cannabinoids</a>"
Pinewalker Pre-Roll 5-Pack (4gr) • 17.9% Total Cannabinoids,"<a href=""https://healthyhavenrx.com/product/pinewalker-pre-roll-5-pack-4gr-17-9-total-cannabinoids/"" rel=""dofollow"">Pinewalker Pre-Roll 5-Pack (4gr) • 17.9% Total Cannabinoids</a>"
Strawberry Jam Pre-Roll 5-Pack (4gr) • 22.9% Total Cannabinoids,"<a href=""https://healthyhavenrx.com/product/strawberry-jam-pre-roll-5-pack-4gr-22-9-total-cannabinoids/"" rel=""dofollow"">Strawberry Jam Pre-Roll 5-Pack (4gr) • 22.9% Total Cannabinoids</a>"
Pinewalker Pre-Roll 17.9% Total Cannabinoids,"<a href=""https://healthyhavenrx.com/product/pinewalker-pre-roll-17-9-total-cannabinoids/"" rel=""dofollow"">Pinewalker Pre-Roll 17.9% Total Cannabinoids</a>"
Tropical Tempest Pre-Roll 5pack (4gr) • 20.3% Total Cannabinoids,"<a href=""https://healthyhavenrx.com/product/tropical-tempest-pre-roll-5pack/"" rel=""dofollow"">Tropical Tempest Pre-Roll 5pack (4gr) • 20.3% Total Cannabinoids</a>"
Tropical Tempest Pre-Roll 20.3% Total Cannabinoids,"<a href=""https://healthyhavenrx.com/product/tropical-tempest-pre-roll/"" rel=""dofollow"">Tropical Tempest Pre-Roll 20.3% Total Cannabinoids</a>"
Velox Rolling Papers King Size w/ Crutches,"<a href=""https://healthyhavenrx.com/product/velox-rolling-papers-king-size-w-crutches/"" rel=""dofollow"">Velox Rolling Papers King Size w/ Crutches</a>"
Wesley’s Wish Pre-Roll 14.2 Total Cannabinoids,"<a href=""https://healthyhavenrx.com/product/wesleys-wish-pre-roll/"" rel=""dofollow"">Wesley’s Wish Pre-Roll 14.2 Total Cannabinoids</a>"
Blue Orchid Pre-Roll 5-Pack (4gr) • 15% Total Cannabinoids,"<a href=""https://healthyhavenrx.com/product/blue-orchid-pre-roll-5-pack-4gr-15-total-cannabinoids/"" rel=""dofollow"">Blue Orchid Pre-Roll 5-Pack (4gr) • 15% Total Cannabinoids</a>"
Wesley’s Wish Pre-Roll 5-Pack (4gr) • 14.2 Total Cannabinoids,"<a href=""https://healthyhavenrx.com/product/wesleys-wish-pre-roll-5-pack-4gr-14-2-total-cannabinoids/"" rel=""dofollow"">Wesley’s Wish Pre-Roll 5-Pack (4gr) • 14.2 Total Cannabinoids</a>"
Seaside Special Pre-Roll 5-Pack (4gr) 21% Total Cannabinoids,"<a href=""https://healthyhavenrx.com/product/seaside-special-pre-roll-5-pack-4gr-21-total-cannabinoids/"" rel=""dofollow"">Seaside Special Pre-Roll 5-Pack (4gr) 21% Total Cannabinoids</a>"
Pineapple Kush Pre-Roll 5-Pack (4gr) • 20.1% Total Cannabinoids,"<a href=""https://healthyhavenrx.com/product/pineapple-kush-pre-roll-5-pack-4gr-20-1-total-cannabinoids/"" rel=""dofollow"">Pineapple Kush Pre-Roll 5-Pack (4gr) • 20.1% Total Cannabinoids</a>"
Guava Jam Pre-Roll 5-Pack (4gr) • 20.8% Total Cannabinoids,"<a href=""https://healthyhavenrx.com/product/guava-jam-pre-roll-5-pack-4gr-20-8-total-cannabinoids/"" rel=""dofollow"">Guava Jam Pre-Roll 5-Pack (4gr) • 20.8% Total Cannabinoids</a>"
Cherry Abacus Pre-Roll • 18.9% Total Cannabinoids,"<a href=""https://healthyhavenrx.com/product/cherry-abacus-pre-roll-18-9-total-cannabinoids/"" rel=""dofollow"">Cherry Abacus Pre-Roll • 18.9% Total Cannabinoids</a>"
Blazy Susan Unbleached Rolling Papers • 1 1/4in,"<a href=""https://healthyhavenrx.com/product/blazy-susan-unbleached-rolling-papers-1-1-4in/"" rel=""dofollow"">Blazy Susan Unbleached Rolling Papers • 1 1/4in</a>"
Cherry Abacus Pre-Roll 5-Pack (4gr) • 18.9% Total Cannabinoids,"<a href=""https://healthyhavenrx.com/product/cherry-abacus-pre-roll-5-pack-4gr-18-9-total-cannabinoids/"" rel=""dofollow"">Cherry Abacus Pre-Roll 5-Pack (4gr) • 18.9% Total Cannabinoids</a>"
Guava Jam Pre-Roll • 20.1% Total Cannabinoids,"<a href=""https://healthyhavenrx.com/product/guava-jam-pre-roll-20-1-total-cannabinoids/"" rel=""dofollow"">Guava Jam Pre-Roll • 20.1% Total Cannabinoids</a>"
Blue Orchid Pre-Roll 15% Total Cannabinoids,"<a href=""https://healthyhavenrx.com/product/blue-orchid-pre-roll-15/"" rel=""dofollow"">Blue Orchid Pre-Roll 15% Total Cannabinoids</a>"
Canna Harley Pre-Roll 19.8% Total Cannabinoids,"<a href=""https://healthyhavenrx.com/product/canna-harley-pre-roll-2/"" rel=""dofollow"">Canna Harley Pre-Roll 19.8% Total Cannabinoids</a>"
Royal Grapes Pre-Roll 16.8% Total Cannabinoids,"<a href=""https://healthyhavenrx.com/product/royal-grapes-pre-roll/"" rel=""dofollow"">Royal Grapes Pre-Roll 16.8% Total Cannabinoids</a>"
Royal Grapes Pre-Roll 5-Pack (4gr) 16.8% Total Cannabinoids,"<a href=""https://healthyhavenrx.com/product/royal-grapes-pre-roll-5-pack/"" rel=""dofollow"">Royal Grapes Pre-Roll 5-Pack (4gr) 16.8% Total Cannabinoids</a>"
White CBG Pre-Roll 5-Pack (4gr) • 14.5% Total Cannabinoids,"<a href=""https://healthyhavenrx.com/product/white-cbg-pre-roll-5-pack/"" rel=""dofollow"">White CBG Pre-Roll 5-Pack (4gr) • 14.5% Total Cannabinoids</a>"
Canna Harley Pre-Roll 5pack (4gr) • 19.8% Total Cannabinoids,"<a href=""https://healthyhavenrx.com/product/canna-harley-pre-roll/"" rel=""dofollow"">Canna Harley Pre-Roll 5pack (4gr) • 19.8% Total Cannabinoids</a>"
SHRED’EMS Sour Blue Razzberry Soft Chews,"<a href=""https://healthyhavenrx.com/product/shredems-sour-blue-razzberry-soft-chews/"" rel=""dofollow"">SHRED’EMS Sour Blue Razzberry Soft Chews</a>"
SHRED Wild Berry Blaze Soft Chews,"<a href=""https://healthyhavenrx.com/product/shred-wild-berry-blaze-soft-chews/"" rel=""dofollow"">SHRED Wild Berry Blaze Soft Chews</a>"
SHRED’EMS Sour Megamelon Soft Chews,"<a href=""https://healthyhavenrx.com/product/shredems-sour-megamelon-soft-chews/"" rel=""dofollow"">SHRED’EMS Sour Megamelon Soft Chews</a>"
SHRED Sour Cherry Punch Soft Chews,"<a href=""https://healthyhavenrx.com/product/shred-sour-cherry-punch-soft-chews/"" rel=""dofollow"">SHRED Sour Cherry Punch Soft Chews</a>"
Pearls by grön Blue Razzleberry 3:1 CBG:THCSoft Chews,"<a href=""https://healthyhavenrx.com/product/pearls-by-gron-blue-razzleberry/"" rel=""dofollow"">Pearls by grön Blue Razzleberry 3:1 CBG:THCSoft Chews</a>"
Monjour Orchard Medley Sugar-free CBD Assorted Soft Chews,"<a href=""https://healthyhavenrx.com/product/monjour-orchard-medley-sugar-free-cbd-assorted-soft-chews/"" rel=""dofollow"">Monjour Orchard Medley Sugar-free CBD Assorted Soft Chews</a>"
Lord Jones Salted Caramel Crunch 1:1 THC|CBD Chocolates,"<a href=""https://healthyhavenrx.com/product/lord-jones-salted-caramel-crunch-11-thccbd-chocolates-4/"" rel=""dofollow"">Lord Jones Salted Caramel Crunch 1:1 THC|CBD Chocolates</a>"
Monjour Me-Time Mango CBD Soft Chews,"<a href=""https://healthyhavenrx.com/product/monjour-me-time-mango-cbd-soft-chews/"" rel=""dofollow"">Monjour Me-Time Mango CBD Soft Chews</a>"
Pearls by grön Blue Razzleberry 3:1 CBG:THCSoft Chews,"<a href=""https://healthyhavenrx.com/product/pearls-by-gron-blue-razzleberry-31-cbgthcsoft-chews-2/"" rel=""dofollow"">Pearls by grön Blue Razzleberry 3:1 CBG:THCSoft Chews</a>"
Back Forty Rocketberry Kush 510 Vape Cartridge,"<a href=""https://healthyhavenrx.com/product/back-forty-rocketberry/"" rel=""dofollow"">Back Forty Rocketberry Kush 510 Vape Cartridge</a>"
Monjour Berry Good Day Assortment Soft Chews,"<a href=""https://healthyhavenrx.com/product/monjour-berry-good-day-assortment-soft-chews/"" rel=""dofollow"">Monjour Berry Good Day Assortment Soft Chews</a>"
Big Pete’s Treats Chocolate Chip Cookie,"<a href=""https://healthyhavenrx.com/product/big-petes-treats-chocolate-chip-cookie/"" rel=""dofollow"">Big Pete’s Treats Chocolate Chip Cookie</a>"
Ness Mint Sour,"<a href=""https://healthyhavenrx.com/product/ness-mint-sour/"" rel=""dofollow"">Ness Mint Sour</a>"
Censored Edibles Blue Raspberry Penis Soft Chews,"<a href=""https://healthyhavenrx.com/product/censored-edibles-blue-raspberry-penis-soft-chews/"" rel=""dofollow"">Censored Edibles Blue Raspberry Penis Soft Chews</a>"
Olli Chocolate Brownie,"<a href=""https://healthyhavenrx.com/product/olli-chocolate-brownie/"" rel=""dofollow"">Olli Chocolate Brownie</a>"
SHRED X Blueberry Blaster Rip-Strips Hash,"<a href=""https://healthyhavenrx.com/product/shred-x-blueberry-blaster-rip-strips-hash/"" rel=""dofollow"">SHRED X Blueberry Blaster Rip-Strips Hash</a>"
SHRED X Tropic Thunder Heavies Infused Pre-Roll,"<a href=""https://healthyhavenrx.com/product/shred-x-tropic-thunder/"" rel=""dofollow"">SHRED X Tropic Thunder Heavies Infused Pre-Roll</a>"
BOXHOT Exotic Guava Stardawg 510 Vape Cartridge,"<a href=""https://healthyhavenrx.com/product/boxhot-exotic-guava-stardawg-510-vape-cartridge/"" rel=""dofollow"">BOXHOT Exotic Guava Stardawg 510 Vape Cartridge</a>"
Ness Chocolate Cheesecake,"<a href=""https://healthyhavenrx.com/product/ness-chocolate-cheesecake/"" rel=""dofollow"">Ness Chocolate Cheesecake</a>"
Retro Mother of Berries Full Spectrum Honey Oil 510 Vape Cartridge,"<a href=""https://healthyhavenrx.com/product/retro-mother-of-berries-full-spectrum/"" rel=""dofollow"">Retro Mother of Berries Full Spectrum Honey Oil 510 Vape Cartridge</a>"
BOXHOT Exotic Guava Stardawg 510 Vape Cartridge,"<a href=""https://healthyhavenrx.com/product/boxhot-exotic-guava-stardawg-510-vape-cartridge-2/"" rel=""dofollow"">BOXHOT Exotic Guava Stardawg 510 Vape Cartridge</a>"
Tremblant Hashish,"<a href=""https://healthyhavenrx.com/product/tremblant-hashish/"" rel=""dofollow"">Tremblant Hashish</a>"
Retro Ghost Train Haze Full Spectrum Cherry Oil 510 Vape Cartridge,"<a href=""https://healthyhavenrx.com/product/retro-ghost-train-haze-full/"" rel=""dofollow"">Retro Ghost Train Haze Full Spectrum Cherry Oil 510 Vape Cartridge</a>"
Ness Chocolate Cheesecake,"<a href=""https://healthyhavenrx.com/product/ness-chocolate-cheesecake-2/"" rel=""dofollow"">Ness Chocolate Cheesecake</a>"
SHRED X Tropic Thunder Rip-Strips Hash,"<a href=""https://healthyhavenrx.com/product/shred-x-tropic-thunder-rip-strips-hash/"" rel=""dofollow"">SHRED X Tropic Thunder Rip-Strips Hash</a>"
BOLD Starfruit Burst Diamond Infused Pre-Roll,"<a href=""https://healthyhavenrx.com/product/bold-starfruit-burst-diamond-infused-pre-roll/"" rel=""dofollow"">BOLD Starfruit Burst Diamond Infused Pre-Roll</a>"
Ness Chocolate Cheesecake,"<a href=""https://healthyhavenrx.com/product/ness-chocolate-cheesecake-3/"" rel=""dofollow"">Ness Chocolate Cheesecake</a>"
Weed Me Diamond District Indica Infused Pre-Roll,"<a href=""https://healthyhavenrx.com/product/weed-me-diamond-district-indica-infused-pre-roll/"" rel=""dofollow"">Weed Me Diamond District Indica Infused Pre-Roll</a>"
Good Supply Sweet Berry Kush,"<a href=""https://healthyhavenrx.com/product/good-supply-sweet-berry-kush/"" rel=""dofollow"">Good Supply Sweet Berry Kush</a>"
Endgame Tiger CK x KK Mints Shatter,"<a href=""https://healthyhavenrx.com/product/endgame-tiger/"" rel=""dofollow"">Endgame Tiger CK x KK Mints Shatter</a>"
SHRED X Blueberry Blaster Heavies Infused Pre-Roll,"<a href=""https://healthyhavenrx.com/product/shred-x-blueberry-blaster-heavies-infused-pre-roll/"" rel=""dofollow"">SHRED X Blueberry Blaster Heavies Infused Pre-Roll</a>"
SHRED X Gnarberry Heavies Infused Pre-Roll,"<a href=""https://healthyhavenrx.com/product/shred-x-gnarberry-heavies-infused-pre-roll/"" rel=""dofollow"">SHRED X Gnarberry Heavies Infused Pre-Roll</a>"
Good Supply Sweet Berry Kush,"<a href=""https://healthyhavenrx.com/product/good-supply-sweet-berry-kush-2/"" rel=""dofollow"">Good Supply Sweet Berry Kush</a>"
Weed Me Diamond District Indica Infused Pre-Roll,"<a href=""https://healthyhavenrx.com/product/weed-me-diamond-district-indica-infused-pre-roll-2/"" rel=""dofollow"">Weed Me Diamond District Indica Infused Pre-Roll</a>"
Delta 9 Growers Reserve,"<a href=""https://healthyhavenrx.com/product/delta-9-growers-reserve/"" rel=""dofollow"">Delta 9 Growers Reserve</a>"
El Blunto Cullinan Diamond Infused Pre-Roll,"<a href=""https://healthyhavenrx.com/product/el-blunto-cullinan-diamond-infused/"" rel=""dofollow"">El Blunto Cullinan Diamond Infused Pre-Roll</a>"
Adults Only Cheeky Cherry NSFW Liquid Diamond Dispenser,"<a href=""https://healthyhavenrx.com/product/adults-only-cheeky/"" rel=""dofollow"">Adults Only Cheeky Cherry NSFW Liquid Diamond Dispenser</a>"
Roilty 2 Pack: Pink Princess & Roil Lemon Haze Shatter,"<a href=""https://healthyhavenrx.com/product/roilty-2-pack/"" rel=""dofollow"">Roilty 2 Pack: Pink Princess & Roil Lemon Haze Shatter</a>"
Booty Sativa,"<a href=""https://healthyhavenrx.com/product/booty-sativa/"" rel=""dofollow"">Booty Sativa</a>"
Cake Delta 8,"<a href=""https://healthyhavenrx.com/cake-delta-8/"" rel=""dofollow"">Cake Delta 8</a>"
Cannabis,"<a href=""https://healthyhavenrx.com/cannabis/"" rel=""dofollow"">Cannabis</a>"
Cannabis Concentrates,"<a href=""https://healthyhavenrx.com/cannabis-concentrates/"" rel=""dofollow"">Cannabis Concentrates</a>"
cannabis edibles,"<a href=""https://healthyhavenrx.com/cannabis-edibles/"" rel=""dofollow"">cannabis edibles</a>"
Elf Bars,"<a href=""https://healthyhavenrx.com/elf-bars/"" rel=""dofollow"">Elf Bars</a>"
Geek Bar S600,"<a href=""https://healthyhavenrx.com/geek-bar/"" rel=""dofollow"">Geek Bar S600</a>"
hashish,"<a href=""https://healthyhavenrx.com/hashish/"" rel=""dofollow"">hashish</a>"
Magic Mushrooms,"<a href=""https://healthyhavenrx.com/magic-mushrooms/"" rel=""dofollow"">Magic Mushrooms</a>"
Microdose Capsules,"<a href=""https://healthyhavenrx.com/microdose-capsules/"" rel=""dofollow"">Microdose Capsules</a>"
Pre-rolls,"<a href=""https://healthyhavenrx.com/pre-rolls/"" rel=""dofollow"">Pre-rolls</a>"
RandM Tornado,"<a href=""https://healthyhavenrx.com/randm-tornado/"" rel=""dofollow"">RandM Tornado</a>"
